,STATION_CD,STATION_NM,STATION_NM_ENG,LINE_NUM,FR_CODE,CYBER_ST_CODE,BRANCH_OFFICE_CODE,BRANCH_OFFICE_NM,REGIDATE,TEL,FAX,POST_CODE,ADDRESS,MINWON,INFOTESK,CULTURE,TICKET,OBSTACLE,MEETPLACE,PARKING,BICYCLE,MUIN,OFFICE,NURSING,ELEVATOR,ESCALATOR,WHEELCHAIR,SPEEDNATE,TOILET,STATION_NM_HAN,URE,XPOINT,YPOINT,XPOINT_WGS,YPOINT_WGS
0,0150,서울,Seoul,1,133,0150,115100,시청영업소,1985-10-18 0:0:0,02-6110-1331,6110 - 1339,04527,서울특별시 중구 세종대로 지하 2,N,N,N,Y,Y,Y,N,Y,N,Y,N,Y,Y,Y,Y,게이트 외부,서울,,493365.0,1125595.0,37.554648,126.972559
0,1762,오이도,Oido,4,456,1762,410000,철도청구간,,031-319-7788,,15018,경기도 시흥시 역전로 430,,,,,,,,,,,N,,,,,게이트 외부,烏耳島,,441955.0,1072345.0,37.362357,126.738714
0,0312,불광,Bulgwang,3,322,0312,131700,경복궁영업소,1985-7-12 0:0:0,02-6110-3221,6110 - 3229,03397,서울특별시 은평구 통일로 지하 723-1,N,N,N,N,Y,Y,N,Y,N,Y,N,Y,Y,N,N,게이트 외부,佛光,,484337.0,1140982.0,37.610469,126.929887
0,0339,수서,Suseo,3,349,0339,133400,도곡영업소,1993-10-30 0:0:0,02-6110-3491,6110 - 3499,06362,서울특별시 강남구 광평로 지하 270,Y,N,N,N,Y,Y,Y,Y,Y,Y,N,Y,Y,Y,Y,게이트 내부,水西,,522445.0,1106977.0,37.487371,127.101880
0,1803,역곡,Yeokgok,1,146,1803,410000,철도청구간,,02-2639-3434,,14673,경기도 부천시 원미구 역곡로 1,,,,,,,,,,,N,,,,,게이트 외부,驛谷,조선시대에는 40리마다 역원이 설치되어 있었으며 한양과 제물포사이 40리 지점에도 역원이 있었다. 이곳을 일명 역마골로 불리우다가 시승격과 함께 역곡으로 명명 되었다.,458312.0,1106430.0,37.485178,126.811502
0,0244,용답,Yongdap,2,211-1,0244,121100,성수영업소,1980-10-31 00:00:00,02-6110-1341,6110 - 1349,04761,서울특별시 성동구 용답길 86,N,N,N,N,,,,,,,N,,,,,게이트 외부,龍踏,"○ '용답동'의 동명은 용두동 지역과 답십리동 지역의 일부가 1975년 10월 1일 통합되면서 머리글자를 따서 용답동이 되었으며, 인근에 군자차량기지가 있어 '기지역'으로 명명되었다가 '용답역'으로 개명되었다.",511015.0,1127677.0,37.561904,127.050899
0,1823,도화,Dohwa,1,157,1823,410000,철도청구간,,032-863-1464,,22119,인천광역시 남구 숙골로24번길 9,,,,,,,,,,,N,,,,,게이트 외부,道禾,"인근의 동명에서 유래했으며, 도마다리말(말이 지나는 다리마을)과 화동(벼마을)의 마을을 따서 정해진 이름이다.",426550.0,1101115.0,37.466070,126.668672
0,1005,대방,Daebang,1,137,1005,410000,철도청구간,,02-2639-3331,,07319,서울특별시 영등포구 여의대방로 300,,,,,,,,,,,N,,,,,게이트 내부,大方,"조선시대 높은 절과 번댕이 두마을로 이루어진 곳이었는데, 일제 때 번대방리라 하다가 광복 후 대방으로 개칭됨.",483645.0,1114340.0,37.513342,126.926382
0,0310,구파발,Gupabal,3,320,0310,131700,경복궁영업소,1985-07-12 00:00:00,02-6110-3201,6110 - 3209,03306,서울특별시 은평구 진관2로 지하 15-25,N,N,N,Y,N,Y,Y,Y,N,Y,Y,Y,Y,N,Y,게이트 외부,舊把撥,○ 역이 있는 동명에서 유래된 것으로 구파발이란 지명은 조선시대 중기부터 공문서를 전달하기 위한 파발역이 있어 이름지어졌다.,481875.0,1148452.0,37.636763,126.918821
0,0204,을지로4가,Euljiro 4(sa)-ga,2,204,0204,120700,상왕십리영업소,1983-9-16 0:0:0,02-6110-2041,6110 - 2049,04548,서울특별시 중구 을지로 지하 178,N,N,N,N,Y,N,N,N,N,Y,N,Y,Y,N,Y,게이트 외부,乙支路4街,,499460.0,1129122.0,37.566941,126.998079
0,1903,도봉산,Dobongsan,1,113,1903,410000,철도청구간,,02-955-7345,,01318,서울특별시 도봉구 도봉로 964-33,N,N,N,N,N,N,Y,N,,,N,,,,,게이트 외부,道峰山,,510065.0,1163090.0,37.689313,127.046222
0,0319,종로3가,Jongno 3(sam)-ga,3,329,0153,115100,시청영업소,1985-10-18 0:0:0,02-6110-3291,6110 - 3299,03138,서울특별시 종로구 돈화문로 지하 30,Y,N,N,N,Y,N,N,N,N,Y,N,Y,Y,Y,Y,게이트 내부,鍾路3街,"○ 역이 있는 종로구의 동명과 가로명에서 유래하였다.<br />
○ 종로는 조선왕조 500년 동안 밤에는 인정(人定), 새벽에는 파루를 쳐서 도성 8개문을 여닫게 하는 종루(鐘樓)가 있어 유래된 것이다. 이 거리에는 조선 초부터 시전이 있었던 번화가이어서 일명 운종가로 칭해졌던 서울의 상업 중심가였다.",498060.0,1130332.0,37.571607,126.991806
0,1720,진위,진위,1,P161,1720,,,,031-667-7652,,17706,경기도 평택시 진위면 경기대로 1855,N,N,N,N,N,N,N,N,,,N,,,,,게이트 외부,振威,,513662.0,1002210.0,37.109447,127.062278
0,0428,삼각지,Samgakji,4,428,0428,142800,삼각지서비스센터,1985-10-18 0:0:0,02-6110-4281,6110 - 4289,04375,서울특별시 용산구 한강대로 지하 180,N,N,N,N,Y,Y,N,Y,N,Y,N,Y,Y,N,Y,게이트 내부,三角地,,493970.0,1120167.0,37.534777,126.973110
0,0415,미아,Mia,4,415,0415,141000,상계서비스센터,1985-04-20 00:00:00,02-6110-4151,6110 - 4159,01133,서울특별시 강북구 도봉로 지하 198,Y,N,N,N,N,Y,N,Y,Y,Y,N,Y,Y,N,Y,게이트 외부,彌阿,○ '미아'라는 지명은 고려말기부터 부근 야산의 언덕에 있던 마을의 모습을 넓을 미(彌)와 언덕을 뜻하는 아(阿)를 합하여 부르던 것에서 유래되어 역명이 되었다.,505667.0,1145592.0,37.626670,127.025983
0,0337,대청,Daecheong,3,347,0337,133400,도곡서비스센터,1993-10-30 00:00:00,02-6110-3471,6110 - 3479,06337,서울특별시 강남구 일원로 지하 2,Y,N,N,N,N,Y,Y,Y,N,Y,N,Y,N,N,Y,게이트 내부,대청,"○ 조선시대 이곳 마을에 99칸의 한옥이 있었는데, 옛 잠실 일대에서 이곳을 바라보면 한옥의 대청 큰 마루가 보인다 하여 이곳 지역을 대청마을로 불려지게 되었다.",517440.0,1108825.0,37.493514,127.079532
0,1957,주엽,Juyeop,3,311,1957,410000,철도청구간,,031-916-7799,,10387,경기도 고양시 일산서구 중앙로 지하 1432,,,,,,,,,,,N,,,,,게이트 외부,注葉,"옛 주엽3리의 문촌마을에 있는 골동산(곡동산) 꼭대기에서 볼 때 마을 전체의 지형이 잎사귀모양으로 보여 주엽이라 했다 하며, 가을만 되면 마을 중앙으로 흐르는 샛강에 큰 나무의 잎사귀가 떨어져 흘러내려갔다고 해서 붙여진 이름이다.",447158.0,1157765.0,37.670072,126.761334
0,0228,서울대입구,Seoul Nat'l Univ.,2,228,0228,122700,구로디지털서비스센터,1983-12-17 00:00:00,02-6110-2281,6110 - 2289,08787,서울특별시 관악구 남부순환로 지하 1822,Y,N,N,N,N,Y,N,N,Y,Y,N,Y,Y,N,Y,게이트 외부,서울大入口,○ 역세권내 서울대학교와 관악구청이 있어 서울대입구(관악구청) 역이라 명명하였다.,489440.0,1105242.0,37.481247,126.952739
0,0234,신도림,Sindorim,2,234,0234,123400,구로디지털서비스센터,1984-5-22 0:0:0,02-6110-2341,6110 - 2349,08288,서울특별시 구로구 새말로 지하 117-21,Y,N,N,Y,Y,Y,Y,Y,N,Y,N,N,Y,Y,N,게이트 외부,新道林,,475755.0,1112937.0,37.508725,126.891295
0,1716,병점,Byeongjeom,1,P157,1716,410000,철도청구간,2003-4-30 5:0:0,031-234-7788,,18412,경기도 화성시 떡전골로 97,,,,,,,,,,,N,,,,,게이트 외부,餠店,옛부터 삼남으로 통하는 큰 길목이어서 고려시대부터 행인들이 쉬었다가 가는 길목으로 떡을 파는 떡장수들이 많았다고 한데서 유래,507147.0,1029150.0,37.207503,127.032731
0,0426,서울,Seoul,4,426,0150,115100,시청영업소,1985-10-18 0:0:0,02-6110-4261,6110 - 4269,04323,서울특별시 용산구 한강대로 지하 392,N,N,N,N,Y,Y,N,Y,N,Y,Y,Y,Y,Y,Y,게이트 외부,서울,,493365.0,1125595.0,37.554648,126.972559
0,1020,월계,Wolgye,1,118,1020,410000,철도청구간,,02-900-4855,,01867,서울특별시 노원구 월계로53길 40,,,,,,,Y,,,,N,,,,,게이트 내부,月溪,이 지역의 동쪽으로 중랑천이 흐르고 동북쪽에서 서쪽으로 북한산의 지맥이 이어진데다가 지형이 반달처럼 생겨 월계라는 지명이 생성되었음.,512815.0,1147432.0,37.633212,127.058831
0,1016,외대앞,Hankuk Univ. of Foreign Studies,1,122,1016,410000,철도청구간,,02-966-6705,,02420,서울특별시 동대문구 휘경로 27,,,,,,,,,,,N,,,,,게이트 내부,外大앞,인근에 한국외국어대학교가 있어 유래됨.,513900.0,1137147.0,37.596073,127.063549
0,0409,당고개,Danggogae,4,409,0409,141000,길음서비스센터,1993-04-21 00:00:00,02-6110-4091,6110 - 4099,01634,서울특별시 노원구 상계로 305,N,N,N,N,N,N,N,Y,N,Y,N,Y,N,N,Y,게이트 외부,당고개,○ 당고개(덕능고개)는 옛날 이 고개에 미륵당과 성황당이 있어 유래된 지명으로 산짐승이 많아 나그네들이 고개를 넘을 때에 돌을 들고 넘었다고 한다. 지하철이 개통되면서 이곳 지명을 따라 역의 이름이 되었다.,517267.0,1157807.0,37.670272,127.079066
0,1453,과천,Gwacheon,4,438,1453,410000,철도청구간,,02-3679-8831,,13836,경기도 과천시 별양로 지하 177,,,,,,,,,,,N,,,,,게이트 외부,政府,"과천은 과일과 시내, 구름, 산, 암자등이 잘 어우러져 쾌적하고 안락한 삶의 터전이라는 뜻에서 유래되었음.",499077.0,1091800.0,37.433021,126.996568
0,0214,강변,Gangbyeon,2,214,0214,121800,종합운동장영업소,1980-10-31 00:00:00,02-6110-2141,6110 - 2149,05116,서울특별시 광진구 강변역로 53,N,N,N,Y,Y,N,N,Y,N,Y,Y,Y,N,Y,Y,게이트 외부,江邊,○ 강변역은 한강변에 위치한다하여 강변역으로 명명하게 되었다.,520755.0,1120262.0,37.535095,127.094681
0,1910,덕계,Deokgye,1,106,1910,410000,철도청구간,,031-866-6792,,11444,경기도 양주시 고덕로139번길 317,N,N,N,N,N,N,N,N,,,N,,,,,게이트 외부,德溪,,512355.0,1198910.0,37.818486,127.056486
0,1955,마두,Madu,3,313,1955,410000,철도청구간,,031-904-7788,,10414,경기도 고양시 일산동구 중앙로 지하 1180,,,,,,,,,,,N,,,,,게이트 외부,馬頭,이곳의 주산인 정발산의 생김 모양이 말머리와 같다고 하여 붙여진 명칭이다.,450765.0,1152723.0,37.652206,126.777620
0,0331,남부터미널,Nambu Bus Terminal,3,341,0331,133400,도곡영업소,1985-10-18 00:00:00,02-6110-3411,6110 - 3419,06718,서울특별시 서초구 서초중앙로 지하 31,N,N,N,N,N,Y,N,N,N,Y,N,Y,N,N,Y,게이트 내부,南部터미널,○ 서초동에 위치한 화물터미널로 인해 화물터미널역이었으나 화물터미널이 이전하고 남부시외버스 터미널이 들어와 남부터미널역으로 개명하였다.,503497.0,1106375.0,37.485013,127.016189
0,0327,신사,Sinsa,3,337,0327,132500,도곡 서비스센타,1985-10-18 00:00:00,02-6110-3371,6110 - 3379,06038,서울특별시 강남구 도산대로 지하 102,N,N,N,N,N,Y,N,Y,Y,Y,N,Y,Y,N,Y,게이트 외부,新沙,○ 신사동은 1914년 신촌(新村)과 사평리(沙平里) 두 마을을 합칠 때 각각 첫 글자를 따서 지은 이름이다.,504302.0,1115065.0,37.516334,127.020114
0,0418,성신여대입구,Sungshin Women's Univ.,4,418,0418,141700,상계서비스센터,1985-04-20 00:00:00,02-6110-4181,6110 - 4189,02845,서울특별시 성북구 동소문로 지하 102,N,N,N,N,Y,Y,Y,Y,Y,Y,N,Y,Y,Y,Y,게이트 외부,誠信女大入口,,503476.0,1136257.0,37.592624,127.016403
0,1749,서동탄,Seodongtal,1,P157-1,1749,410000,철도청구간,2010-2-25 15:18:53,031-613-9581,,18111,경기도 오산시 외삼미로15번길 75-60,,,,,,,,,,,N,,,,,게이트 외부,西東灘,,511347.0,1026050.0,37.195504,127.051672
0,1760,신길온천,Singil oncheon,4,454,1760,410000,철도청구간,,031-491-7787,,15398,경기도 안산시 단원구 황고개로 2,,,,,,,,,,,N,,,,,게이트 외부,新吉溫泉,,448260.0,1065560.0,37.338212,126.765844
0,1911,덕정,Deokjeong,1,105,1911,410000,철도청구간,,031-858-2788,,11450,경기도 양주시 화합로 1356,N,N,N,N,N,N,N,N,,,N,,,,,게이트 외부,德亭,,513355.0,1205710.0,37.843188,127.061277
0,0218,종합운동장,Sports Complex,2,218,0218,121800,종합운동장영업소,1980-10-31 00:00:00,02-6110-2181,6110 - 2189,05571,서울특별시 송파구 올림픽로 지하 23,N,N,N,N,Y,N,N,N,Y,Y,N,Y,Y,N,Y,게이트 외부,綜合運動場,,516222.0,1113652.0,37.510997,127.073642
0,0203,을지로3가,Euljiro 3(sam)-ga,2,203,0203,120700,상왕십리영업소,1983-9-16 0:0:0,02-6110-2031,6110 - 2039,04550,서울특별시 중구 을지로 지하 106,N,N,N,N,N,Y,N,Y,N,Y,N,Y,Y,N,Y,게이트 외부,乙支路3街,,497895.0,1128945.0,37.566295,126.991910
0,1812,인천,Incheon,1,161,1812,410000,철도청구간,,032-772-0784,,22307,인천광역시 중구 제물량로 269,,,,,,,,,,,N,,,,,게이트 외부,仁川,,415080.0,1103977.0,37.476691,126.616936
0,0336,학여울,Hangnyeoul,3,346,0336,133400,도곡영업소,1993-10-30 00:00:00,02-6110-3461,6110 - 3469,06287,서울특별시 강남구 남부순환로 지하 3104,N,N,N,N,N,Y,Y,Y,Y,Y,N,Y,Y,Y,Y,게이트 외부,鶴여울,"○ 탄천과 양재천이 만나는 지점인 한강 갈대밭 부근의 옛지명을 학여울이라 불렀으며, 이곳에 역이 생겨 학여울역이라 명명되었다.",515537.0,1109537.0,37.496663,127.070594
0,0309,지축,Jichuk,3,319,0309,131700,경복궁영업소,1990-07-13 00:00:00,02-6110-3191,6110 - 3199,10586,경기도 고양시 덕양구 삼송로 300,N,N,N,N,Y,N,N,Y,N,Y,N,N,N,N,Y,게이트 내부,紙丑,○ 역이 있는 동명에서 유래된 것으로 조선시대에 종이를 만들던 마을인 지정리와 싸리나무가 많이 자생하던 마을인 축리로 되어 있다가 해방 후 고양군으로 편입되면서 지정리의 '지'와 축리의 '축'을 합쳐 지축리로 되었다.,480805.0,1151557.0,37.648048,126.913951
0,1722,서정리,Seojeong-ri,1,P163,1722,,,2005-1-27 15:13:38,031-662-7788,,17783,경기도 평택시 탄현로 51,,,,,,,,,,,N,,,,,게이트 외부,西井里,이 일대에 서둔물이라는 좋은 우물 3개가 있어 명명되어진 데서 유래,511607.0,987472.0,37.056496,127.052819
0,0201,시청,City Hall,2,201,0151,115100,시청영업소,,02-6110-2011,6110 - 2019,04515,서울특별시 중구 서소문로 지하 127,N,N,N,N,Y,Y,N,Y,Y,Y,Y,Y,Y,N,Y,"게이트 내부,외부",市廳,,494587.0,1128532.0,37.564718,126.977108
0,1003,용산,Yongsan,1,135,1003,410000,철도청구간,,02-3780-5417,,04377,서울특별시 용산구 한강대로23길 55,,,,,,,,,,,N,,,,,게이트 외부,龍山,,491977.0,1118732.0,37.529849,126.964561
0,1407,온양온천,Onyang oncheon,1,P176,1407,,,,041-541-0865,,31514,충청남도 아산시 온천대로 1496,,,,,,,,,,,N,,,,,게이트 외부,溫陽溫泉,,500535.0,910912.0,36.780483,127.003249
0,1817,도원,Dowon,1,159,1817,410000,철도청구간,,032-773-7788,,22565,인천광역시 동구 참외전로 245,N,N,N,N,N,N,N,N,Y,,N,,,,,게이트 내부,桃源,옛날에 이곳에 복숭아밭이 많이 있었다고 한데서 유래됨.,420742.0,1101893.0,37.468446,126.642706
0,1718,오산대,osandae,1,P159,1718,,,2006-1-26 9:52:35,031-375-9354,,18115,경기도 오산시 청학로 236,N,N,N,N,N,N,N,N,,,N,,,,,게이트 외부,烏山大,,513750.0,1018710.0,37.168953,127.063197
0,0233,대림,Daerim,2,233,0233,122700,낙성대영업소,1984-5-22 0:0:0,02-6110-2331,6110 - 2339,08304,서울특별시 구로구 도림천로 351,N,N,N,N,Y,Y,N,Y,N,Y,Y,Y,Y,N,Y,게이트 내부,大林,,476705.0,1108675.0,37.492970,126.895801
0,1706,안양,Anyang,1,P147,1706,410000,철도청구간,,031-448-7788,,13992,경기도 안양시 만안구 만안로 232,,,,,,,,,,,N,,,,,게이트 외부,安養,인근에 안양사 라는 사찰이 있었다는데서 유래되었다.,482735.0,1083190.0,37.401592,126.922874
0,0429,신용산,Sinyongsan,4,429,0429,142800,삼각지서비스센터,1985-10-18 00:00:00,02-6110-4291,6110 - 4299,04386,서울특별시 용산구 한강대로 지하 112,N,N,N,N,Y,Y,N,N,N,Y,N,Y,N,N,Y,게이트 외부,新龍山,○ 역이 있는 지명에서 유래된 것으로 용산은 백제시대 한강에서 두 마리 용이 나타나 유래되었다는 설과 산줄기가 마치 용처럼 구불구불 뻗어 있어 불렸다는 설이 있다.,492830.0,1118597.0,37.529170,126.967894
0,1814,소사,Sosa,1,147,1814,410000,철도청구간,,02-2639-3242,,14690,경기도 부천시 소사구 소사로 272,,,,,,,,,,,N,,,,,게이트 외부,素砂,,454610.0,1105667.0,37.482753,126.795440
0,0216,잠실,Jamsil,2,216,0216,121800,종합운동장영업소,1980-10-31 0:0:0,02-6110-2161,6110 - 2169,05510,서울특별시 송파구 올림픽로 지하 265,N,N,N,N,Y,Y,Y,Y,N,Y,Y,Y,Y,N,Y,게이트 외부,蠶室,,522390.0,1114282.0,37.513950,127.102234
0,1758,초지,Choji,4,452,1758,410000,철도청구간,,031-480-2788,,15432,경기도 안산시 단원구 중앙대로 620,,,,,,,,,,,N,,,,,게이트 내부,草芝,"공단역 : 안산시 서부지역 공업단지(반월공단, 시화공단)와 근접하고 있어 역명부여<br>
2012년 6월 30일 수인선 개통시에 초지역으로 역명변경",456877.0,1060755.0,37.320646,126.805913
0,0326,압구정,Apgujeong,3,336,0326,132500,도곡서비스센터,1985-10-18 00:00:00,02-6110-3361,6110 - 3369,06022,서울특별시 강남구 압구정로 지하 172,N,N,N,Y,N,Y,N,Y,Y,Y,N,Y,N,N,Y,게이트 외부,狎鷗亭,○ 압구정은 조선시대 권신 한명회가 세상일을 잊기 위해 한강의 갈매기를 벗 삼아 지냈다는 정자 이름에서 유래되었다.,506121.0,1117883.0,37.527072,127.028461
0,1455,인덕원,Indeogwon,4,440,1455,410000,철도청구간,,031-422-7788,,13951,경기도 안양시 동안구 흥안대로 지하 529,,,,,,,,,,,N,,,,,게이트 외부,仁德院,"이 마을은 조선시대 내시들이 살던 곳으로, 비록 거세된 몸이지만 높은 관직을 역임하기도 하였다. 그래서 남에게 덕화(德化)를 베푸는 사는 곳이란 의미로 인덕(仁德)이라 칭했다가 공용여행자들의 숙식을 제공하기 위해 원(院)을 설치하면서부터 인덕원이라 부르고 있다.",494677.0,1083140.0,37.401553,126.976715
0,0431,동작,Dongjak,4,431,0431,142800,삼각지영업소,1985-10-18 00:00:00,02-6110-4311,6110 - 4319,06905,서울특별시 동작구 현충로 257,N,N,N,N,N,Y,Y,Y,,,N,,,,,게이트 내부,銅雀,,495157.0,1111287.0,37.502971,126.979306
0,0230,신림,Sillim,2,230,0230,122700,구로디지탈서비스센터,1984-05-22 00:00:00,02-6110-2301,6110 - 2309,08777,서울특별시 관악구 남부순환로 지하 1614,Y,N,N,Y,N,N,N,Y,N,Y,Y,Y,Y,N,Y,게이트 내부,新林,"○ 역이 위치한 신림동은 본래 서원리, 신림리, 난곡리로 나뉘어 있다가 1911년 신림리로 통합된 후, 1963년 서울시로 편입되면서 신림동이 되었고 이후 역명으로 지어졌다.",484275.0,1105992.0,37.484201,126.929715
0,1801,개봉,Gaebong,1,143,1801,410000,철도청구간,,02-2639-3297,,08276,서울특별시 구로구 경인로40길 47,N,N,N,N,N,N,N,N,Y,,N,,,,,게이트 외부,開峯,현재 경인선과 남부순환로가 교차하는 남쪽에 있는 개웅산의 (개)자와 양천구 신정동과 경계를 이루는 매봉산의 (봉)자를 합하여 이름 붙이게 되었음.,468537.0,1109170.0,37.494594,126.858680
0,0239,홍대입구,Hongik Univ.,2,239,0239,124300,동대문서비스센터,1984-05-22 00:00:00,02-6110-2391,6110 - 2399,04050,서울특별시 마포구 양화로 지하 160,N,N,N,N,N,Y,N,Y,N,Y,N,Y,Y,Y,Y,게이트 외부,弘大入口,,483315.0,1126247.0,37.557192,126.925381
0,1805,송내,Songnae,1,150,1805,410000,철도청구간,,032-662-7788,,14742,경기도 부천시 소사구 송내대로 43,,,,,,,,,,,N,,,,,게이트 외부,松內,"솔안말로, 언덕산과 이 마을 초입에 해묵은 소나무가 마을을 둘러싸고 있어 글자 그대로 소나무로 둘러쌓인 안동네였다. 여기에서 연유한 것으로, 소나무(松), 안은(內). 말은 마을의 준말로(洞). 이렇게 해서 송내동이 된 것이며, 지역명을 따라 송내역이라 하였음.",445200.0,1107120.0,37.487600,126.753664
0,1915,동두천,Dongducheon,1,101,1915,410000,철도청구간,,031-862-7788,,11307,경기도 동두천시 평화로 2687,N,N,N,N,N,N,N,N,,,N,,,,,게이트 외부,東豆川,,511905.0,1229110.0,37.927878,127.054790
0,1452,대공원,Seoul Grand Park,4,437,1452,410000,철도청구간,,02-502-5491,,13829,경기도 과천시 대공원대로 지하 50,,,,,,,,,,,N,,,,,게이트 외부,大公園,"1909년 서울 창경궁에 국가말살 정책상 만들어진 동물원을 민족의 자존심을 회복하기 위하여 1984년 이곳에 ""서울대공원""을 건립하였으며 관람객의 편의를 위하여 서울대공원 내에 1994.4.1 과천선 개통시 대공원역으로 영업개시",501287.0,1092762.0,37.435675,127.006523
0,1727,두정,Dujeong,1,P168,1727,410000,철도청구간,2005-1-27 15:17:52,041-562-7791,,31111,충청남도 천안시 서북구 두정로 289,,,,,,,,,,,N,,,,,게이트 외부,斗井,천안군의 북이면에 속하였고 마을 앞에 큰 우물이 있어 물이 말로 쏟아져 나온다고 말우물 또는 두정이라고 한데서 유래,533047.0,925610.0,36.833705,127.148960
0,0225,방배,Bangbae,2,225,0225,122400,구로디지털서비스센터,1983-12-17 00:00:00,02-6110-2251,6110 - 2259,06665,서울특별시 서초구 방배로 지하 80,N,N,N,N,N,Y,N,N,N,Y,N,Y,N,N,N,게이트 외부,方背,○ 역이 위치한 동명에서 유래한 것으로 방배동은 관악구와 서초구의 경계에 솟은 우면산을 등지고 있는 동네 또는 한강을 등지고 있는(背) 모서리(方)라는 뜻의 유래가 있다.,499277.0,1105368.0,37.481426,126.997596
0,0209,한양대,Hanyang Univ.,2,209,0209,121100,성수영업소,1983-09-16 00:00:00,02-6110-2091,6110 - 2099,04763,서울특별시 성동구 왕십리로 206,N,N,N,N,Y,Y,N,Y,N,Y,N,Y,N,N,Y,게이트 외부,漢陽大,"○ 역 인근에 한양대학교가 있어 한양대로 명명하였다.<br />
○ 한양대역이 위치한 행당동의 동명은 갑오개혁(1894년)때부터 불려오고 있으며 지금의 행당초등학교 동쪽산 일대에 살구나무, 은행나무가 많이 심어져 있어서 행당이라는 동명이 생겼다고 한다.",509450.0,1125912.0,37.555273,127.043655
0,1457,범계,Beomgye,4,442,1457,410000,철도청구간,,031-384-7788,,14073,경기도 안양시 동안구 동안로 지하 130,N,N,N,N,N,N,N,N,,,N,,,,,게이트 외부,범계,"이곳은 들판과 골짜기, 야산이 있어 자연초목이 우거지고 맹수들이 서식하는 곳으로서 냇가에 범이 많았다 하여 범계라 불렀으며, 이를 한자화하여 호계동이 되었다.",488992.0,1079953.0,37.389793,126.950806
0,0202,을지로입구,Euljiro 1(il)-ga,2,202,0202,124300,충정로영업소,1983-09-16 00:00:00,02-6110-2021,6110 - 2029,04533,서울특별시 중구 을지로 지하 42,N,N,N,Y,N,Y,N,N,Y,Y,N,Y,Y,N,N,게이트 외부,乙支路入口,"○ 역이 있는 동명에서 유래한 것으로 1945년 광복이 되면서 고구려의 명장인 을지문덕 장군의 성을 따서 을지로라 붙였으며, 을지로의 입구에 위치하였기에 을지로입구로 명명되었다.<br />
○ 조선왕조 때는 을지로 1~2가 사이에 나지막한 황토언덕이 있었는데, 비가 온 후 석양 무렵에는 황토흙이 구리빛이라 하여 이곳을  '구리개'로도 불리었으며, 1941년부터는 황금정(黃金町)으로 고쳐 부르기도 하였다.",495832.0,1128752.0,37.566014,126.982618
0,1754,상록수,Sangnoksu,4,448,1754,410000,철도청구간,,031-407-7788,,15517,경기도 안산시 상록구 상록수로 61,N,N,N,N,N,N,N,N,,,N,,,,,게이트 외부,常綠樹,"심훈의 소설 ""상록수""의 무대로 주인공 채영신의 실제모델인 최용신이 30년대 항일과 농촌계몽에 헌신한 터전으로 샘골이라 하는데 소성 ""상록수""의 제목을 빌어 상록수역이라 함.",470314.0,1055852.0,37.302795,126.866489
0,1006,영등포,Yeongdeungpo,1,139,1006,410000,철도청구간,,02-2639-3305,,07306,서울특별시 영등포구 경인로 846,N,N,N,N,N,N,N,N,,,N,,,,,"게이트 내부,외부",永登浦,,479375.0,1114790.0,37.515504,126.907628
0,1821,온수,Onsu,1,145,1821,410000,철도청구간,,02-2639-3461,,08264,서울특별시 구로구 부일로 872,,,,,,,,,,,N,,,,,게이트 외부,溫水,,460825.0,1108360.0,37.492258,126.823388
0,1759,안산,Ansan,4,453,1759,410000,철도청구간,,031-491-7788,,15431,경기도 안산시 단원구 중앙대로 462,,,,,,,,,,,N,,,,,게이트 외부,安山,산봉우리의 모양이 연꽃 만송이가 얽혀져있는 형상이라 하여 안산이라 불린데서 유래되었다.,453040.0,1062570.0,37.327082,126.788532
0,1953,대곡,Daegok,3,315,1953,410000,철도청구간,,031-965-8516,,10456,경기도 고양시 덕양구 대주로107번길 71-81,N,N,N,N,N,N,N,N,,,N,,,,,게이트 내부,大谷,,458007.0,1147052.0,37.631626,126.811024
0,1902,도봉,Dobong,1,114,1902,410000,철도청구간,,02-3493-8874,,01321,서울특별시 도봉구 도봉로170길 2,,,,,,,,,,,N,,,,,게이트 내부,道峰,서울 근교의 명산인 도봉산 아래에 있음으로 얻어진 이름,509890.0,1160207.0,37.679563,127.045595
0,1712,화서,Hwaseo,1,P154,1712,410000,철도청구간,,031-242-7788,,16432,경기도 수원시 팔달구 덕영대로 692,,,,,,,,,,,N,,,,,게이트 내부,華西,"수원성곽 4개관문 중에 화서문이라는 웅장하고 화려한 문의 명칭을 따서 화서동이라는 행정상의 동명이 생기고, 그 권내에 위치하게 된 당역의 역사명칭도 화서역이라 명명케 되었음.",497490.0,1050557.0,37.283862,126.989627
0,1757,고잔,Gojan,4,451,1757,410000,철도청구간,,031-482-7788,,15356,경기도 안산시 단원구 중앙대로 784,,,,,,,,,,,N,,,,,게이트 내부,古棧,"""곶의 안쪽"" 이라는 말을 한자로 소리나는대로 표기하여 유래되었음.",460565.0,1059785.0,37.316777,126.823249
0,1702,가산디지털단지,Gasan Digital Complex,1,P142,1702,410000,철도청구간,,02-2639-3332,,08510,서울특별시 금천구 벚꽃로 309,N,N,N,N,N,N,N,N,,,N,,,,,게이트 외부,加山디지털團地,,473861.0,1105307.0,37.481072,126.882343
0,1703,금천구청,Geumcheon-Gu Office,1,P144,1703,410000,철도청구간,,02-803-0019,,08612,서울특별시 금천구 시흥대로63길 91,Y,N,N,N,N,N,N,N,Y,,N,,,,,게이트 외부,衿川區廳,"고구려시대때 잉벌로라는 지명으로 불렸으며, 고려사 지리지에 의하면 고려 6대 성종때 고을 별호를 시흥으로 했다는 데서 유래",476450.0,1098232.0,37.455626,126.893980
0,0342,오금,Ogeum,3,352,2558,133400,도곡서비스센터,2010-02-18 00:00:00,02-6110-3521,6110-3529,05661,서울특별시 송파구 오금로 지하 321,N,N,N,N,N,Y,N,N,N,Y,N,Y,Y,N,N,"게이트 내부,외부",梧琴,,528137.0,1111147.0,37.502162,127.128111
0,1808,동암,Dongam,1,154,1808,410000,철도청구간,,032-421-7788,,21446,인천광역시 부평구 동암광장로 10,,,,,,,,,,,N,,,,,게이트 외부,銅岩,지리적으로 이 지역에서 구리가 많이나와서 동암이라 불린데서 유래됨.,434192.0,1102477.0,37.471408,126.702896
0,0217,잠실새내,Jamsilsaenae,2,217,0217,121800,종합운동장영업소,1980-10-31 00:00:00,02-6110-2171,6110 - 2179,05555,서울특별시 송파구 올림픽로 지하 140,N,N,N,N,N,Y,N,Y,N,Y,N,Y,Y,N,Y,게이트 외부,蠶室-驛,,518955.0,1113730.0,37.511687,127.086162
0,1729,당정,Dangjeong,1,P151,1729,410000,철도청구간,2010-1-19 15:18:53,031-457-0998,,15851,경기도 군포시 당정역로 91,N,N,N,N,N,N,N,N,,,N,,,,,게이트 외부,堂井,,488329.0,1067092.0,37.344285,126.948345
0,0154,종로5가,Jongno 5(o)-ga,1,129,0154,115500,동묘영업소,1974-08-15 00:00:00,02-6110-1291,6110 - 1299,03195,서울특별시 종로구 종로 지하 216,N,N,N,N,N,N,N,N,N,Y,N,Y,N,N,Y,게이트 외부,鍾路5街,"○ 역이 있는 종로구의 동명과 가로명에서 유래하였다.<br />
○ 종로는 조선왕조 500년 동안 밤에는 인정(人定), 새벽에는 파루를 쳐서 도성 8개문을 여닫게 하는 종루(鐘樓)가 있어 유래된 것이다. 이 거리에는 조선 초부터 시전이 있었던 번화가이어서 일명 운종가로 칭해졌던 서울의 상업 중심가였다.",500162.0,1130132.0,37.570926,127.001849
0,0321,충무로,Chungmuro,3,331,0321,141700,길음영업소,1985-10-18 0:0:0,02-6110-4231,6110 - 3319,04557,서울특별시 중구 퇴계로 지하 199,N,N,N,N,N,N,N,N,,,N,,,,,게이트 내부,忠武路,,498550.0,1127582.0,37.561243,126.994280
0,0322,동대입구,Dongguk Univ.,3,332,0322,132500,옥수영업소,1985-10-18 00:00:00,02-6110-3321,6110 - 3329,04617,서울특별시 중구 동호로 지하 256,N,N,N,N,N,N,N,N,N,Y,N,Y,Y,Y,Y,게이트 내부,東大入口,"○ 역 인근에 동국대학교가 위치하고 있어 동대입구라 명명하였다. 동대입구역이 위치한 장충동은 1900년에 을미사변때 순국한 사람들을 위하여 장충단(奬忠壇)을 꾸며놓고 봄, 가을에 제사를 지냈기 때문에 유래된 것이다.",501022.0,1127027.0,37.559052,127.005602
0,0220,선릉,Seolleung,2,220,0220,121800,종합운동장영업소,1982-12-23 0:0:0,02-6110-2201,6110 - 2209,06212,서울특별시 강남구 테헤란로 지하 340,N,N,N,Y,Y,Y,N,N,N,Y,N,Y,Y,N,Y,게이트 외부,宣陵,,510742.0,1111880.0,37.504503,127.049008
0,0151,시청,City Hall,1,132,0151,115100,시청영업소,1974-8-15 0:0:0,02-6110-1321,6110 - 1329,04519,서울특별시 중구 세종대로 지하 101,N,N,N,Y,Y,Y,N,Y,N,Y,N,Y,Y,N,Y,게이트 외부,市廳,,494587.0,1128532.0,37.564718,126.977108
0,1813,구일,Guil,1,142,1813,410000,철도청구간,,02-865-6190,,08323,서울특별시 구로구 구일로 133,,,,,,,,,,,N,,,,,게이트 내부,九一,,471027.0,1109500.0,37.496756,126.870793
0,1711,성균관대,Sungkyunkwan Univ.,1,P153,1711,410000,철도청구간,,031-293-7788,,16360,경기도 수원시 장안구 서부로 2149,,,,,,,,,,,N,,,,,게이트 내부,成均館大,,493610.0,1054955.0,37.300349,126.970750
0,1908,녹양,Nogyang,1,108,1908,410000,철도청구간,,031-828-3380,,11684,경기도 의정부시 평화로 757,N,N,N,N,N,N,N,N,,,N,,,,,게이트 외부,綠楊,,509151.0,1182411.0,37.759380,127.042292
0,0316,독립문,Dongnimmun,3,326,0316,131700,경복궁영업소,1985-07-12 00:00:00,02-6110-3261,6110 - 3269,03732,서울특별시 서대문구 통일로 지하 247,N,N,N,N,N,Y,N,Y,N,Y,N,Y,Y,Y,Y,게이트 내부,獨立門,○ 독립문역은 우리나라의 자주독립을 상징하는 독립문이 인근에 있어 붙여진 이름이다. 독립문은 1897년 서재필 박사의 노력으로 영은문 대신 세운 것으로 현재 사적 32호로 지정되어 있다.,490525.0,1131175.0,37.574571,126.957748
0,0240,신촌,Sinchon,2,240,0240,124300,동대문서비스센터,1984-05-22 00:00:00,02-6110-2401,6110 - 2409,04058,서울특별시 마포구 신촌로 지하 90,Y,N,N,Y,N,Y,N,Y,Y,Y,Y,Y,Y,N,Y,게이트 외부,新村,"○ 신촌동은 조선 태조 이성계가 이곳을 새로운 도읍지로 삼자는 여러 신하들의 여론에 따라 이 일대를 둘러보았는데, 그때부터 '새로운 터전의 마을'이라 해서 '새터말'이라고 한 것이 한자어로 번역 돼 신촌이라 불리게 되었다.",485922.0,1125867.0,37.555134,126.936893
0,0242,아현,Ahyeon,2,242,0242,124300,충정로영업소,1984-05-22 00:00:00,02-6110-2421,6110 - 2429,04116,서울특별시 마포구 신촌로 지하 270,N,N,N,N,N,Y,N,N,N,Y,N,Y,N,Y,Y,게이트 외부,阿峴,○ 역이 있는 동명에서 유래된 것으로 아현동은 남쪽의 만리현과 서북쪽의 대현이라는 두 고개를 중간에서 잇는 작은 고개를 '애오개' 즉 아현으로 부르던 것에서 유래되었다.,490052.0,1126335.0,37.557345,126.956141
0,1402,쌍용(나사렛대),Ssangyong(Korea Nazarene University),1,P171,1402,,,,1544-7788,,31174,충청남도 천안시 서북구 쌍용19로 20,,,,,,,,,,,N,,,,,게이트 외부,雙龍(拿撒勒大),,526835.0,914512.0,36.793759,127.121400
0,1405,배방,Baebang,1,P174,1405,,,,041-548-7788,,31477,충청남도 아산시 배방읍 온천대로 1967,,,,,,,,,,,N,,,,,게이트 외부,排芳,,511635.0,910112.0,36.777629,127.052991
0,0153,종로3가,Jongno 3(sam)-ga,1,130,0153,115100,시청영업소,1974-8-15 0:0:0,02-6110-1301,6110 - 3299,03139,서울특별시 종로구 종로 지하 129,N,N,N,N,Y,N,N,N,N,Y,Y,Y,Y,Y,Y,게이트 외부,鍾路3街,"○ 역이 있는 종로구의 동명과 가로명에서 유래하였다.<br />
○ 종로는 조선왕조 500년 동안 밤에는 인정(人定), 새벽에는 파루를 쳐서 도성 8개문을 여닫게 하는 종루(鐘樓)가 있어 유래된 것이다. 이 거리에는 조선 초부터 시전이 있었던 번화가이어서 일명 운종가로 칭해졌던 서울의 상업 중심가였다.",498060.0,1130332.0,37.571607,126.991806
0,1761,정왕,Jeongwang,4,455,1761,410000,철도청구간,,031-319-7787,,15049,경기도 시흥시 마유로418번길 15,,,,,,,,,,,N,,,,,게이트 외부,正往,정왕동은 조선 영조시대에 봉수대가 설치되어 고종32년까지 사용되었던 중요한 군사지역이었음,442835.0,1069400.0,37.351735,126.742989
0,0157,제기동,Jegi-dong,1,125,0157,115500,동묘영업소,1974-08-15 00:00:00,02-6110-1251,6110 - 1259,02568,서울특별시 동대문구 왕산로 지하 93,N,N,N,N,N,N,Y,Y,N,Y,N,Y,N,N,Y,게이트 외부,祭基洞,"○ 제기동이란 이름은 '제사를 지내는 자리'라는 의미에서 비롯되었다. 그 제사를 올리던 터가 바로 선동단이다.<br />
○ 선동단은 조선왕조가 개국하면서 농본정책을 펴 일찍이 농사짓는 법을 가르친 제신농씨와 후직씨에게 제사를 지내기 위해 설치한 제단이다. 그 해의 풍년을 기원하기 위해 경칩이 지난 뒤 길한 날을 가려 왕이 친림하여 제사를 지내고, 기우제를 지내기도 하였다.",507552.0,1132159.0,37.578103,127.034893
0,1403,아산,Asan,1,P172,1403,,,,041-532-6610,,31470,충청남도 아산시 배방읍 희망로 90,,,,,,,,,,,N,,,,,게이트 외부,牙山,,523035.0,914062.0,36.792053,127.104361
0,0227,낙성대,Nakseongdae,2,227,0227,122700,구로디지털서비스센터,1983-12-17 0:0:0,02-6110-2271,6110 - 2279,08793,서울특별시 관악구 남부순환로 지하 1928,N,N,N,N,N,Y,N,Y,N,Y,N,Y,Y,N,Y,게이트 외부,落星垈,"○ 역 인근에 낙성대가 있어 낙성대역으로 명명되었으며, 고려시대의 명장 강감찬 장군의 출생지로 장군이 태어나던 날 하늘에서 큰 별이 떨어졌다는 전설에 따라 '별이 떨어진 터'라는 뜻의 낙성대라 칭하였다.",491805.0,1104272.0,37.476930,126.963693
0,0221,역삼,Yeoksam,2,221,0221,122400,종합운동장 서비스센터,1982-12-23 00:00:00,02-6110-2211,6110 - 2219,06236,서울특별시 강남구 테헤란로 지하 156,N,N,N,N,N,Y,N,Y,Y,Y,N,Y,Y,N,Y,게이트 외부,驛三,"○ 역이 위치한 동이름에서 유래된 것으로 역삼동은 역촌의 말죽거리, 하방하교, 상방하교 세 마을을 병합하여 역삼리라 불렸고, 이후 도시 개발과 인구증가로 역삼동이 되었다.",507992.0,1110605.0,37.500622,127.036456
0,0314,홍제,Hongje,3,324,0314,131700,경복궁영업소,1985-07-12 00:00:00,02-6110-3241,6110 - 3249,03629,서울특별시 서대문구 통일로 지하 440-1,N,N,N,N,N,Y,N,Y,Y,Y,N,Y,N,N,Y,게이트 외부,弘濟,○ 홍제라는 지명은 고려때부터 이곳에 홍제원이라는 국립여관이 있었던 곳이라 유래된 것이다.,487507.0,1135130.0,37.589066,126.943736
0,0237,당산,Dangsan,2,237,0237,123400,구로디지털서비스센터,1984-5-22 0:0:0,02-6110-2371,6110 - 2379,07222,서울특별시 영등포구 당산로 229,N,N,N,N,N,N,N,Y,N,Y,N,Y,N,N,N,게이트 내부,堂山,,478290.0,1120184.0,37.534380,126.902281
0,1704,석수,Seoksu,1,P145,1704,410000,철도청구간,,031-472-7788,,13906,경기도 안양시 만안구 경수대로 1431,,,,,,,,,,,N,,,,,"게이트 내부,외부",石水,이 마을에 석공들이 많이 살아 석수동이라 한데서 유래됨.,478195.0,1092480.0,37.435047,126.902295
0,0212,건대입구,Konkuk Univ.,2,212,0212,121100,성수영업소,1980-10-31 0:0:0,02-6110-2121,6110 - 2121,05017,서울특별시 광진구 아차산로 243,Y,N,N,N,Y,Y,N,Y,Y,Y,N,Y,Y,Y,Y,게이트 내부,建大入口,,515365.0,1121815.0,37.540693,127.070230
0,0427,숙대입구,Sookmyung Women's Univ.,4,427,0427,142800,동작서비스센터,1985-10-18 00:00:00,02-6110-4271,6110 - 4279,04320,서울특별시 용산구 한강대로 지하 306,N,N,N,N,N,Y,N,Y,N,Y,N,Y,N,N,Y,게이트 내부,淑大入口,○ 역 인근에 숙명여자대학교가 위치하고 있어 명명되었다. 숙대입구역이 위치한 갈월동은 칡이 무성하여 이름 붙여졌다.,493747.0,1122832.0,37.544560,126.972106
0,1018,석계,Seokgye,1,120,1018,410000,철도청구간,,02-943-7788,,01895,서울특별시 노원구 화랑로 341,,,,,,,,,,,N,,,,,게이트 내부,石溪,,514452.0,1142315.0,37.614805,127.065851
0,1952,화정,Hwajeong,3,316,1952,410000,철도청구간,,031-974-4971,,10500,경기도 고양시 덕양구 화정로 지하 60,,,,,,,,,,,N,,,,,게이트 외부,花井,꽃물마을(花水)과 찬우물마을(冷井)이 합쳐진 명칭이다.,462986.0,1147997.0,37.634592,126.832650
0,0410,상계,Sanggye,4,410,0410,141000,상계서비스센터,1985-04-20 00:00:00,02-6110-4101,6110 - 4109,01663,서울특별시 노원구 상계로 182,N,N,N,N,N,Y,N,Y,N,Y,N,Y,N,N,Y,게이트 내부,上溪,"○ 상계역은 불암산과 수락산의 골짜기에서 생겨난 계곡 윗부분을 '상계'라 일컫고, 하부를 하계라 한데서 유래되었다.",515995.0,1155000.0,37.660878,127.073572
0,1724,평택,Pyeongtaek,1,P165,1724,,,2005-1-27 15:14:51,031-652-7811,,17917,경기도 평택시 평택로 51,,,,,,,,,,,N,,,,,게이트 외부,平澤,고려 명종때인 1177년 진위를 수주 임내(지금의 수원)에서 분리해 현으로 독립시킴과 동시에 팽성현을 충청도 천안부에 편입시키면서 평택현으로 바꾼 것이 시초이며 원래 땅 생김새가 펑퍼짐한 탓에 곳곳에 못이 생기는데다 장마철이면 서해의 바닷물까지 밀려들어 물웅덩이가 많아 이같이 이름붙여진데서 유래.,518805.0,969180.0,36.990726,127.085159
0,0207,상왕십리,Sangwangsimni,2,207,0207,120700,동대문서비스센터,1983-09-16 00:00:00,02-6110-2071,6110 - 2079,04701,서울특별시 성동구 왕십리로 지하 374,N,N,N,N,N,Y,N,Y,N,Y,N,Y,N,N,Y,게이트 외부,上往十里,"○ 역이 위치한 동명에서 유래한 것으로 상왕십리는 왕십리 위쪽에 자리잡고 있어 칭하게 되었다.<br />
○ 왕십리 동명은 조선 초 국사였던 무학대사가 도읍지를 정하려고 이곳까지 와서 살피던 중 도선대사의 변신인 늙은 농부로 부터 십리(10리)를 더 가라는 가르침을 받았기 때문에 유래되었다.",506303.0,1128363.0,37.564354,127.029354
0,0329,고속터미널,Express Bus Terminal,3,339,0329,132500,옥수영업소,1985-10-18 0:0:0,02-6110-3391,6110 - 3399,06545,서울특별시 서초구 신반포로 지하 188,N,N,N,Y,Y,N,N,N,N,Y,Y,Y,Y,N,Y,게이트 내부,高速터미널,,500913.0,1111778.0,37.504810,127.004943
0,1002,남영,Namyeong,1,134,1002,410000,철도청구간,,02-792-7788,,04322,서울특별시 용산구 한강대로77길 25,,,,,,,,,,,N,,,,,게이트 내부,南營,광복 후 동명을 제정할 때 서울 남쪽에 군영이 있다하여 남영동으로 명명하였기에 남영역으로 지정함.,493462.0,1122025.0,37.541021,126.971300
0,0224,서초,Seocho,2,224,0224,122400,구로디지털서비스센터,1983-12-17 00:00:00,02-6110-2241,6110 - 2249,06590,서울특별시 서초구 서초대로 지하 233,N,N,N,N,N,Y,N,Y,N,Y,N,Y,Y,N,Y,게이트 외부,瑞草,○ 역이 위치한 동명에서 유래한 것으로 서초동은 과거 서리풀이 무성한 곳이라하여 이름 붙여졌다.,501595.0,1108160.0,37.491897,127.007917
0,1950,삼송,Samsong,3,318,1950,410000,철도청구간,,02-371-0087,,10591,경기도 고양시 덕양구 삼송로 지하 194,,,,,,,,,,,N,,,,,게이트 외부,三松,"왕릉에는 적송이라 불리는 큰 나무를 심게 되었는데, 이곳은 서삼릉의 입구이므로 세 그루의 소나무를 심었다 하여 지명이 유래됨.",476770.0,1153035.0,37.653083,126.895558
0,1913,동두천중앙,Dongducheonjungang,1,103,1913,410000,철도청구간,,031-865-2788,,11330,경기도 동두천시 동두천로 228,N,N,N,N,N,N,N,N,,,N,,,,,게이트 외부,東豆川中央,,512255.0,1222010.0,37.901885,127.056482
0,0334,도곡,Dogok,3,344,0334,133400,도곡서비스센터,1993-10-30 0:0:0,02-6110-3441,6110 - 3449,06293,서울특별시 강남구 남부순환로 지하 2814,N,N,N,N,Y,Y,N,N,Y,Y,Y,Y,Y,N,Y,게이트 외부,道谷,,512105.0,1107980.0,37.490858,127.055381
0,0226,사당,Sadang,2,226,0226,122400,동작서비스센터,1983-12-17 0:0:0,02-6110-2261,6110 - 2269,07025,서울특별시 동작구 남부순환로 지하 2089,N,N,N,N,Y,Y,Y,Y,N,Y,N,Y,Y,Y,Y,게이트 외부,舍堂,,495760.0,1104005.0,37.476530,126.981685
0,1714,독산,Doksan,1,P143,1714,410000,철도청구간,,02-2639-3229,,08601,서울특별시 금천구 벚꽃로 115,,,,,,,,,,,N,,,,,게이트 외부,禿山,마을 산봉우리에 나무가 없는 벌거숭이산이 있어 대머리 독(禿)자를 붙여 독산동이라 함.,475327.0,1101222.0,37.466613,126.889249
0,1032,신길,Singil,1,138,1032,410000,철도청구간,,02-2639-3553,,07319,서울특별시 영등포구 영등포로 327,,,,,,,,,,,N,,,,,게이트 외부,新吉,,481420.0,1115205.0,37.517122,126.917169
0,1951,원당,Wondang,3,317,1951,410000,철도청구간,,031-965-8747,,10293,경기도 고양시 덕양구 고양대로 1429,,,,,,,,,,,N,,,,,게이트 외부,元堂,"원당은 한글풀이라 가장 큰 으뜸되는 집 이라는 뜻인데, 서삼릉의 정자각이 우람하고 매우 커 붙여진 명칭이다.",465247.0,1153090.0,37.653324,126.843041
0,0250,용두,Yongdu,2,211-3,0250,,동대문서비스센터,2005-10-10 14:9:30,02-6110-1361,6110 - 1369,02565,서울특별시 동대문구 천호대로 지하 129,N,N,N,N,,,,,,,N,,,,,게이트 내부,龍頭,○ 역이 위치한 동명에서 유래한 것으로 용두동은 마을을 감싸고 있는 산의 모습이 용(龍)의 머리(頭)와 같이 생겼다고 해서 붙은 이름이다.,508200.0,1131077.0,37.574028,127.038091
0,1408,신창,Sinchang,1,P177,1408,,,,041-543-7788,,31533,충청남도 아산시 신창면 행목로 50,,,,,,,,,,,N,,,,,게이트 외부,新昌,,489035.0,907912.0,36.769502,126.951108
0,1713,수원,Suwon,1,P155,1713,410000,철도청구간,,031-253-2724,,16622,경기도 수원시 팔달구 덕영대로 924,,,,,,,,,,,N,,,,,"게이트 내부,외부",水原,,499747.0,1045517.0,37.265974,126.999874
0,0425,회현,Hoehyeon,4,425,0425,142800,삼각지영업소,1985-10-18 00:00:00,02-6110-4251,6110 - 4259,04634,서울특별시 중구 퇴계로 지하 54,N,N,N,N,Y,Y,N,N,N,Y,N,Y,Y,N,Y,게이트 내부,會賢,"○ 역이 있는 동명에서 유래된 것으로 회현동은 조선왕조때 정광필, 김상헌 형제 등 어진 사람들이 모여 살아서 회현동(會賢洞)이라 불리어졌다고 한다.",495072.0,1126787.0,37.558514,126.978246
0,1904,망월사,Mangwolsa,1,112,1904,410000,철도청구간,,031-873-7788,,11711,경기도 의정부시 평화로 221,,,,,,,,,,,N,,,,,게이트 내부,望月寺,인근에 해마다 정월 대보름에 만월을 보는 사찰이라 하여 망월사라 붙여진 절이 있어 유래됨.,510207.0,1168925.0,37.709914,127.047455
0,0245,신답,Sindap,2,211-2,0245,121100,동대문서비스센터,1980-10-31 00:00:00,02-6110-1351,6110 - 1359,04803,서울특별시 성동구 천호대로 232,N,N,N,N,,,,,,,N,,,,,게이트 내부,新踏,○ 역이 위치한 지명에서 유래한 것으로 신설동의 '신(新)'과 용답동의 '답(踏)'을 붙여 지어졌다.,510310.0,1129987.0,37.570040,127.046481
0,0232,구로디지털단지,Guro Digital Complex,2,232,0232,122700,구로디지털서비스센터,,02-6110-2321,6110 - 2329,08391,서울특별시 구로구 도림천로 477,N,N,N,N,N,N,N,Y,N,Y,N,Y,N,N,Y,게이트 내부,九老디지털團地,"○ 구로동은 예로부터 불려오던 동명으로 나이 많은 노인 9명이 오래도록 장수하였다는 데서 유래되었다. 처음에는 한국수출산업공단이 인접하고 있어 구로공단역으로 명명되었으나, 최첨단 벤처기업 산업단지가 형성되면서 2004년 7월 1일 구로디지털단지역으로 개명되었다.",478070.0,1106435.0,37.485266,126.901401
0,0246,신설동,Sinseol-dong,2,211-4,0156,115500,동묘영업소,1980-10-31 0:0:0,02-6110-1371,6110 - 1379,02582,서울특별시 동대문구 왕산로 지하 1,N,N,N,N,Y,N,N,Y,Y,Y,Y,Y,Y,Y,Y,게이트 외부,新設洞,,505342.0,1131412.0,37.575297,127.025087
0,0338,일원,Irwon,3,348,0338,133400,도곡영업소,1993-10-30 00:00:00,02-6110-3481,6110 - 3489,06355,서울특별시 강남구 일원로 지하 121,Y,N,N,N,N,Y,Y,Y,Y,Y,N,Y,N,Y,Y,게이트 외부,逸院,○ 일원동은 옛날 이 마을에 일원이라는 서원(書院)이 있어 일원 또는 일언이라 한데서 유래되었다.,518585.0,1106192.0,37.483681,127.084390
0,0324,금호,Geumho,3,334,0324,132500,옥수영업소,1985-10-18 00:00:00,02-6110-3341,6110 - 3349,04724,서울특별시 성동구 동호로 지하 104,N,N,N,N,N,N,N,Y,N,Y,N,Y,N,N,Y,게이트 내부,金湖,○ 역이 있는 동명에서 유래된 것으로 금호동은 예부터 대장간이 많아 수철리(水鐵里)라고 칭하던 것이 1936년부터 금호동이 되었다.,503275.0,1123820.0,37.548034,127.015872
0,0223,교대,Seoul Nat'l Univ. of Education,2,223,0330,122400,서초영업소,1982-12-23 0:0:0,02-6110-2231,6110 - 2239,06634,서울특별시 서초구 서초대로 지하 294,N,N,N,N,Y,Y,N,Y,N,Y,N,Y,Y,N,Y,게이트 외부,敎大,,502900.0,1108655.0,37.493415,127.014080
0,0420,혜화,Hyehwa,4,420,0420,141700,상계서비스센터,1985-10-18 00:00:00,02-6110-4201,6110 - 4209,03086,서울특별시 종로구 대학로 지하 120,Y,N,Y,Y,N,Y,N,Y,Y,Y,N,Y,Y,N,Y,게이트 외부,惠化,○ 혜화는 조선의 도성 8대문 중의 하나인 혜화문이 있었던 것에서 유래되었는데 처음 이름은 홍화문이었고 도성 동쪽에 있어 동소문이라고도 한다.,500245.0,1133299.0,37.582336,127.001844
0,1906,의정부,Uijeongbu,1,110,1906,410000,철도청구간,,031-872-7788,,11696,경기도 의정부시 평화로 525,,,,,,,,,,,N,,,,,게이트 외부,議政府,각 대신들이 이곳에서 정무를 논의하였다 하여 의정부라는 지명이 생성된데서 유래됨.,509950.0,1176650.0,37.738415,127.045958
0,0320,을지로3가,Euljiro 3(sam)-ga,3,330,0203,120700,상왕십리영업소,1985-10-18 0:0:0,02-6110-3301,6110 - 3309,04543,서울특별시 중구 을지로 지하 129,N,N,N,N,N,Y,N,Y,N,Y,N,Y,Y,N,Y,게이트 내부,乙支路3街,,497895.0,1128945.0,37.566295,126.991910
0,1450,선바위,Seonbawi,4,435,1450,410000,철도청구간,,02-502-1356,,13815,경기도 과천시 중앙로 지하 440,,,,,,,,,,,N,,,,,게이트 외부,선바위,"원지명 하리로써 하천에 수양버들이 길게 늘어지며 노인들은 장기 및 바둑을 두고 신선놀이를 즐겼으며, 아동들은 개천에서 물놀이를 즐겼는데 이 개천 한가운데에 큰 바위가 있었으며 마치 세워놓은 바위 같다고 하여 선바위라 불리워졌다.",500385.0,1097110.0,37.451673,127.002303
0,1806,부평,Bupyeong,1,152,1806,410000,철도청구간,,032-528-1439,,21404,인천광역시 부평구 광장로 16,Y,N,N,N,N,N,N,N,Y,,N,,,,,게이트 외부,富平,,438837.0,1107772.0,37.489493,126.724805
0,0419,한성대입구,Hansung Univ.,4,419,0419,141700,상계서비스센터,1985-04-20 00:00:00,02-6110-4191,6110 - 4199,02860,서울특별시 성북구 삼선교로 지하 1,N,N,N,N,N,Y,N,N,N,Y,N,Y,N,N,Y,게이트 외부,漢城大入口,○ 역 인근에 한성대학교가 위치하고 있어 명명되었다. 한성대입구역은 본래 삼선교역으로 삼선교 지명에서 유래하였으나 1985년 4월 개통 후 한성대입구(삼선교)역으로 병기 사용하고 있다. 삼선교라는 지명은 이 지역 남쪽의 옥녀봉 봉우리에 하늘에서 내려온 세 선녀와 옥녀가 함께 어울려 놀았다는 전설에서 유래되었다.,501130.0,1135052.0,37.588458,127.006221
0,1007,신도림,Sindorim,1,140,0234,410000,철도청구간,,02-2639-3349,,08288,서울특별시 구로구 새말로 117-21,,,,,Y,N,N,Y,N,Y,N,N,Y,Y,N,게이트 내부,新道林,,475755.0,1112937.0,37.508725,126.891295
0,0152,종각,Jonggak Station,1,131,0152,115100,시청영업소,1974-08-15 00:00:00,02-6110-1311,6110 - 1319,03161,서울특별시 종로구 종로 지하 55,N,N,N,N,N,N,N,N,Y,Y,N,Y,Y,Y,Y,게이트 외부,鐘閣,"○ 역 앞에 보신각(종각)이 있어 역의 이름이 되었다.<br />
○ 종각은 조선왕조 500년 동안 밤에는 인정(人定), 새벽에는 파루를 쳐서 도성 8문을 여닫게 하는 종루(鐘樓)가 있었는데 보신각이라는 편액을 달면서 보신각으로 유래하였고, 현재는 종각으로 시민들에게 널리 알려져 있다.<br />
○ 3.1절, 광복절, 새해를 알리는 제야의 종을 쳐 우리에게 희망을 주는 종으로 사랑받게 되었다.<br />",496085.0,1129940.0,37.570161,126.982923
0,1807,백운,Baegun,1,153,1807,410000,철도청구간,,032-524-7788,,21433,인천광역시 부평구 마장로55번길 14,,,,,,,,,,,N,,,,,게이트 외부,白雲,이곳에 역을 만들 때 지역 주민들이 역이름을 공모하여 백운이라 지음,435164.0,1105969.0,37.483664,126.707704
0,1756,중앙,Jungang,4,450,1756,410000,철도청구간,,031-485-7788,,15362,경기도 안산시 단원구 중앙대로 918,,,,,,,,,,,N,,,,,게이트 내부,中央,지역적으로 안산시의 중앙이라하여 중앙이라 명명,464005.0,1059422.0,37.315941,126.838573
0,1909,양주,Yangju,1,107,1909,410000,철도청구간,,031-828-3383,,11496,경기도 양주시 평화로 919,N,N,N,N,N,N,N,N,,,N,,,,,게이트 외부,楊州,,509651.0,1186511.0,37.774381,127.044708
0,0231,신대방,Sindaebang,2,231,0231,122700,낙성대영업소,1984-05-22 00:00:00,02-6110-2311,6110 - 2319,07067,서울특별시 동작구 대림로 2,N,N,N,N,N,Y,Y,Y,N,Y,N,Y,N,N,Y,게이트 내부,新大方,○ 역이 위치한 지명에서 유래한 것으로 신대방동은 1936년 경성부로 편입되면서 당시의 신갈리와 번대방리를 합하여 신대방으로 불리게 되었다. 또한 대방동과 접한 새로 생긴 마을이라는 뜻에서 신대방이라 이름 붙여졌다고도 한다.,480562.0,1107052.0,37.487462,126.913149
0,0235,문래,Mullae,2,235,0235,123400,구로디지털서비스센터,1984-5-22 0:0:0,02-6110-2351,6110 - 2359,07298,서울특별시 영등포구 당산로 지하 28,N,N,N,N,N,Y,N,Y,Y,Y,N,Y,N,N,Y,게이트 외부,文來,○ 문래동은 문익점의 목화 전래에서 이름을 따서 문래동이 되었다는 설과 학교와 관공서 등이 들어서자 글(文)이 온다(來)는 뜻에서 동명이 붙여졌다는 설이 있다. 이곳에 역이 들어서자 문래역이 되었다.,476561.0,1115505.0,37.517933,126.894760
0,0241,이대,Ewha Womans Univ.,2,241,0241,124300,충정로영업소,1984-05-22 00:00:00,02-6110-2411,6110 - 2419,04104,서울특별시 마포구 신촌로 지하 180,N,N,N,N,N,Y,N,Y,N,Y,N,Y,Y,N,Y,게이트 외부,梨大,○ 역 인근에 이화여자대학교가 있어 이대역으로 명명되었다.,487955.0,1126182.0,37.556733,126.946013
0,0249,신정네거리,Sinjeongnegeori,2,234-3,0249,123400,구로디지털서비스센터,1996-02-29 00:00:00,02-6110-2461,6110 - 2469,08073,서울특별시 양천구 중앙로 지하 261,Y,N,N,N,Y,N,N,Y,N,Y,N,Y,Y,N,Y,게이트 외부,新亭네거리,"○ 신정네거리에 역이 위치하여 이름이 명명되었으며, 신정이란 이름은 신기(新機:신트리)의 '신'(新)자와 은행정의 '정'(亭)자를 따서 신정리라 한데서 비롯되었다.",467370.0,1116015.0,37.520074,126.852912
0,1708,금정,Geumjeong,1,P149,1458,410000,철도청구간,,031-393-7788,,15809,경기도 군포시 군포로 750,N,N,N,N,N,N,N,N,Y,,N,,,,,게이트 외부,衿井,,487357.0,1075022.0,37.372221,126.943429
0,1901,방학,Banghak,1,115,1901,410000,철도청구간,,02-3492-0197,,01332,서울특별시 도봉구 도봉로150다길 3,N,N,N,N,N,N,N,N,N,,N,,,,,게이트 내부,放鶴,"도봉동에 있는 도봉서원의 창건과 관련하여 조선조 도봉서원을 정하기 위하여 도봉산 중턱에 중다리를 내려다보니 학이 평화스럽게 많이 놀고있어 방학골이 되었다는 설과, 이곳 지형이 학이 알을 품고있는 형상을 하고있어 방학골이라는 설이 있으나 곡식을 찧는 기구인 방아가 있는 곳이라는 의미에서 우리말로 방아골로 불렀던 곳이 한자음이 비슷한 방학리로 되어 방학동이라는 명칭이 된 것으로 추정",509602.0,1157006.0,37.667503,127.044273
0,0159,동묘앞,Dongmyo,1,127,0159,,동묘영업사무소,2005-12-19 14:42:30,02-6110-1271,6110 - 1279,03113,서울특별시 종로구 종로 359,N,N,N,N,N,N,N,N,N,Y,N,Y,Y,N,N,게이트 외부,東廟앞,,503422.0,1130557.0,37.572627,127.016429
0,0238,합정,Hapjeong,2,238,0238,124300,충정로영업소,1984-5-22 0:0:0,02-6110-2381,6110 - 2389,04037,서울특별시 마포구 양화로 지하 55,N,N,N,N,Y,Y,N,Y,N,Y,N,Y,Y,N,Y,게이트 외부,合井,,480875.0,1124362.0,37.549463,126.913739
0,0335,대치,Daechi,3,345,0335,133400,도곡서비스센터,1993-10-30 00:00:00,02-6110-3451,6110 - 3459,06291,서울특별시 강남구 남부순환로 지하 2952,N,N,N,N,N,N,N,N,Y,Y,N,Y,Y,N,Y,게이트 내부,大峙,대치역의 유래가 되는 대치동은 조선시대 말까지 경기도 광주군 언주면 대치리였다. 당시 자연부락 한티·움말·응달짝 등 8개 마을 중 큰 고개 밑에 있는 한티[또는 한터] 마을을 한자명으로 대치라 한데서 비롯되었다.,513907.0,1108850.0,37.494612,127.063642
0,0414,수유,Suyu,4,414,0414,141000,상계서비스센터,1985-04-20 00:00:00,02-6110-4141,6110 - 4149,01062,서울특별시 강북구 도봉로 지하 338,N,N,N,Y,N,Y,N,N,Y,Y,N,Y,N,N,Y,게이트 외부,水踰,○ 인근의 국립공원 북한산에서 흘러내리는 물이 넘쳐 물 '수(水)'자와 넘칠 '유(踰)'자를 써서 붙여진 것으로 이곳에 역이 들어서 수유역이 되었다.,505477.0,1148677.0,37.638052,127.025732
0,0317,경복궁,Gyeongbokgung,3,327,0317,131700,경복궁서비스센터,1985-10-18 00:00:00,02-6110-3271,6110 - 3279,03170,서울특별시 종로구 사직로 지하 130,N,N,Y,Y,N,N,N,Y,N,Y,N,Y,Y,N,Y,게이트 내부,景福宮,"○ 경복궁역은 인근에 경복궁이 있어 붙여진 이름으로 경복궁은 1395년(태조4년) 이성계가 창건한 조선왕조의 정궁으로서 국왕이 거처하며, 국정을 논의하던 곳이다. 인근에 정부서울청사, 서울지방경찰청 등 관공서들이 들어서 있다.",493895.0,1131520.0,37.575762,126.973530
0,1763,수리산,Surisan,4,445,1763,,철도청구간,2003-7-18 0:56:16,031-396-7787,,15869,경기도 군포시 번영로 385,N,N,N,N,N,N,N,N,Y,,N,,,,,게이트 외부,修理山,"인근의 수리산과의 연계성을 고려하여 명명하였으며, 수리산에는 자못 크고 높은 취암봉이 있는데 독수리 취자를 일컬어 ""수리산""이라 하였다.",483320.0,1068927.0,37.349801,126.925365
0,1454,정부과천청사,Government complex Gwacheon,4,439,1454,410000,철도청구간,,02-503-2265,,13837,경기도 과천시 중앙로 지하 100,,,,,,,,,,,N,,,,,게이트 외부,政府果川廳舍,"1982년부터 1986년까지 과천종합청사가 이전하였으며 1986년 과천시로 승격하였다. 1994.4.1 개통시부터 ""제2종합청사""역으로 영업을 개시하여 1998년 제2종합청사가 정부과천청사로 바뀌면서 98년 5월 15일 ""정부과천청사""역으로 개칭함.",497615.0,1090090.0,37.426513,126.989780
0,1725,성환,Seonghwan,1,P166,1725,,,2005-1-27 15:16:3,041-581-7788,,31011,충청남도 천안시 서북구 성환읍 성환1로 237-5,,,,,,,,,,,N,,,,,게이트 내부,成歡,"1914년 행정구역 통,폐합에 따라 이서면 , 일서면, 아산군, 삼북면, 평택군 동면의 와야리 , 경기도 양성군 영통면의각 일부를 병합하여 성환도찰방의 이름을 따라 성환면이라 한데서 유래",528022.0,948422.0,36.916076,127.126964
0,1810,제물포,Jemulpo,1,158,1810,410000,철도청구간,,032-883-7788,,22106,인천광역시 남구 경인로 129,,,,,,,,,,,N,,,,,게이트 외부,濟物浦,조선조 초 이곳 인천 해안에 설치하였던 포구 이름이 제물포인데서 유래하였음.,424050.0,1101375.0,37.466769,126.656666
0,1751,산본,Sanbon,4,444,1751,410000,철도청구간,,031-391-7788,,15862,경기도 군포시 번영로 504,,,,,,,,,,,N,,,,,게이트 외부,山本,수리산을 바탕으로 이룩된 마을이란 뜻에서 유래,484987.0,1071127.0,37.358101,126.933274
0,0311,연신내,Yeonsinnae,3,321,0311,131700,경복궁영업소,1985-7-12 0:0:0,02-6110-3211,6110 - 3219,03330,서울특별시 은평구 통일로 지하 849,Y,N,N,N,N,Y,N,Y,Y,Y,N,Y,Y,N,Y,게이트 외부,연신내,,482372.0,1143485.0,37.619001,126.921008
0,0411,노원,Nowon,4,411,0411,141000,상계서비스센터,1985-4-20 0:0:0,02-6110-4111,6110 - 4119,01693,서울특별시 노원구 상계로 69-1,Y,N,N,N,Y,N,N,Y,N,Y,Y,Y,Y,N,Y,게이트 내부,蘆原,,513622.0,1153612.0,37.655128,127.061368
0,0215,잠실나루,Jamsillaru,2,215,0215,121800,종합운동장영업소,1980-10-31 00:00:00,02-6110-2151,6110 - 2159,05504,서울특별시 송파구 오금로 20,N,N,N,N,N,Y,N,N,N,Y,N,Y,N,N,Y,게이트 외부,蠶室나루,○ 잠실나루역은 역사 인근을 흐르는 성내천의 이름을 따서 성내역으로 명명되어오다 강동구 성내동과의 혼동을 피하기 위해 2010년 잠실나루역으로 변경되었다.,522630.0,1116225.0,37.520733,127.103790
0,0248,양천구청,Yangcheon-gu Office,2,234-2,0248,123400,신도림영업소,1992-5-22 0:0:0,02-6110-2451,6110 - 2459,08100,서울특별시 양천구 목동로3길 지하 33,Y,N,N,N,N,Y,N,Y,N,Y,N,Y,N,N,Y,게이트 내부,陽川區廳,"○ 역 인근에 양천구청이 위치하여 양천구청역이라 명명되었다.<br />
○ 한자를 살펴보면 햇볕 양(陽)과 냇물 천(川), 즉 드넓은 벌판 위에 높은 산이 없어 햇볕이 잘 들고 냇가의 물이 맑아 '밝은 태양과 냇물이 흐르는 아름다운 고장' 이라서 모두들 양천이라고 불렀다 한다.",470185.0,1113852.0,37.512398,126.865819
0,1958,대화,Daehwa,3,310,1958,410000,철도청구간,,031-917-7799,,10381,경기도 고양시 일산서구 중앙로 지하 1569,,,,,,,,,,,N,,,,,게이트 외부,大化,"조선시대 후기에 인근의 성저리, 대화리, 이산포리등을 합쳐 하나의 큰 마을로 변화시켰다 하여 붙여진 명칭이다.",444178.0,1159423.0,37.676087,126.747569
0,0236,영등포구청,Yeongdeungpo-gu Office,2,236,0236,123400,구로디지털서비스센터,1984-5-22 0:0:0,02-6110-2361,6110 - 2369,07260,서울특별시 영등포구 당산로 지하 121,N,N,N,N,Y,Y,Y,Y,N,Y,Y,Y,Y,N,Y,게이트 내부,永登浦區廳,,476875.0,1117441.0,37.524970,126.895951
0,0208,왕십리,Wangsimni,2,208,0208,121100,성수영업소,1983-9-16 0:0:0,02-6110-2081,6110 - 2089,04751,서울특별시 성동구 왕십리로 지하 300,Y,N,N,N,Y,Y,N,Y,N,Y,N,Y,Y,Y,Y,게이트 외부,往十里,,508015.0,1127512.0,37.561533,127.037732
0,1811,동인천,Dongincheon,1,160,1811,410000,철도청구간,,032-772-7788,,22317,인천광역시 중구 참외전로 121,,,,,,,,,,,N,,,,,게이트 외부,東仁川,1899년 유현(杻峴)역으로 영업개시 1926년 상인천(上仁川)역으로 역명개칭 1955년 동인천(東仁川)역으로 역명개칭,418562.0,1103812.0,37.475276,126.632802
0,1726,직산,Jiksan,1,P167,1726,,,2005-1-27 15:17:2,041-583-7788,,31039,충청남도 천안시 서북구 직산읍 천안대로 1471-33,,,,,,,,,,,N,,,,,게이트 내부,稷山,"직산현은 본래 삼한의 목지국 옛터로 삼한 70여개국의 중심지였으나 이후 백제, 고구려, 신라의 점령을 받고 고려시대때 직산으로 군명을 변경한데서 유래",531832.0,935982.0,36.870593,127.143904
0,0243,충정로,Chungjeongno,2,243,0243,124300,충정로영업소,1984-5-22 0:0:0,02-6110-2431,6110 - 2439,03742,서울특별시 서대문구 서소문로 지하 17,N,N,N,N,N,Y,N,N,N,Y,N,Y,Y,N,Y,게이트 외부,忠正路,,491842.0,1127227.0,37.559973,126.963672
0,0416,미아사거리,Miasageori,4,416,0416,141700,상계서비스센터,1985-04-20 00:00:00,02-6110-4161,6110 - 4169,01215,서울특별시 강북구 도봉로 지하 50,Y,N,N,Y,N,Y,N,Y,Y,Y,Y,Y,Y,N,Y,게이트 외부,彌阿사거리,"○ 미아사거리역은 장위동과 종암동, 돈암동으로 갈라지는 세갈래 길이 나눠지는 지형이여서 미아삼거리역으로 이름 붙여졌으나 길음동방면에서 수유동방면으로 넘어가는 고가도로가 철거돼 사거리로 변경됨에 따라 2013년 12월 26일 미아사거리로 변경되었다.",506527.0,1141940.0,37.613292,127.030053
0,1956,정발산,Jeongbalsan,3,312,1956,410000,철도청구간,,031-904-7799,,10409,경기도 고양시 일산동구 중앙로 지하 1270,,,,,,,,,,,N,,,,,게이트 외부,鼎鉢山,정발산은 일산신시가지의 주산으로 해발 83.4m 이며 솥과 주발과 같이 넓적하다고 하여 정발산이란 명칭이 붙여짐.,449837.0,1154790.0,37.659477,126.773359
0,0422,동대문역사문화공원,Dongdaemun History and Culture Park,4,422,0205,120700,상왕십리영업소,1985-10-18 0:0:0,02-6110-4221,6110 - 4229,04565,서울특별시 중구 장충단로 지하 230,N,N,N,N,Y,Y,N,Y,N,Y,Y,Y,Y,Y,Y,게이트 내부,東大門歷史文化公園,,501555.0,1128600.0,37.565138,127.007896
0,1017,신이문,Sinimun,1,121,1017,410000,철도청구간,,02-960-1871,,02421,서울특별시 동대문구 한천로 472,,,,,,,,,,,N,,,,,게이트 내부,新里門,조선시대때 이문밖으로 도둑이 많아 포졸들의 방범초소를 이문에 설치함으로써 그 이후로 이문이라는 지명이 유래됨.,514704.0,1138814.0,37.601854,127.067325
0,1822,중동,Jung-dong,1,149,1822,410000,철도청구간,,032-666-7788,,14721,경기도 부천시 소사구 중동로 73,,,,,,,,,,,N,,,,,게이트 외부,中洞,부천시의 가운데에 위치한다 하여 중동이 됨,447750.0,1106820.0,37.486562,126.764843
0,0433,사당,Sadang,4,433,0226,122400,동작서비스센터,1985-10-18 0:0:0,02-6110-4331,6110 - 4339,07025,서울특별시 동작구 동작대로 지하 3,N,N,N,N,Y,Y,Y,Y,N,Y,Y,Y,Y,Y,Y,게이트 내부,舍堂,,495760.0,1104005.0,37.476530,126.981685
0,1916,소요산,Soyosan,1,100,1916,410000,철도청구간,,031-865-7788,,11307,경기도 동두천시 평화로 2925,N,N,N,N,N,N,N,N,,,N,,,,,게이트 외부,逍遙山,,513255.0,1235010.0,37.948100,127.061034
0,1456,평촌,Pyeongchon,4,441,1456,410000,철도청구간,,031-383-7788,,14066,경기도 안양시 동안구 부림로 지하 123,,,,,,,,,,,N,,,,,게이트 외부,坪村,"""벌말""이라는 명칭은 ""坪村""을 풀이한 순수한 우리말로서 ""평평한 마을"" 이라는 뜻으로 ""벌마을""인데 이를 두글자로 약칭하여 ""벌말""로 지었다고 하며, 지역주민들이 ""평촌""역으로 역명개정을 요구하여 1996년 12월 16일 ""평촌""역으로 역명을 개정",491940.0,1081142.0,37.394287,126.963883
0,0205,동대문역사문화공원,Dongdaemun History and Culture Park,2,205,0205,120700,상왕십리영업소,1983-9-16 0:0:0,02-6110-2051,6110 - 2059,04566,서울특별시 중구 을지로 지하 279,N,N,N,N,Y,Y,N,Y,N,Y,N,Y,Y,Y,Y,게이트 내부,東大門歷史文化公園,,501555.0,1128600.0,37.565138,127.007896
0,0421,동대문,Line4 Dongdaemun Station,4,421,0155,115500,동대문영업소,1985-10-18 0:0:0,02-6110-4211,6110 - 4219,03198,서울특별시 종로구 율곡로 지하 308,N,N,N,Y,Y,Y,N,N,N,Y,N,Y,Y,Y,Y,게이트 외부,東大門,,502155.0,1130180.0,37.571420,127.009745
0,1723,지제,지제,1,P164,1723,,,,031-691-7651,,17824,경기도 평택시 경기대로 777,N,N,N,N,N,N,N,N,,,N,,,,,게이트 외부,芝制,,515467.0,977022.0,37.018800,127.070444
0,1015,회기,Hoegi,1,123,1015,410000,철도청구간,,02-965-1467,,02446,서울특별시 동대문구 회기로 196,,,,,,,,,,,N,,,,,게이트 외부,回基,,512662.0,1135362.0,37.589460,127.057583
0,1755,한대앞,Handaeap,4,449,1755,410000,철도청구간,,031-406-7788,,15507,경기도 안산시 상록구 충장로 337,,,,,,,,,,,N,,,,,게이트 내부,漢大앞,,467472.0,1057792.0,37.309689,126.853440
0,0206,신당,Sindang,2,206,0206,120700,동대문운동장서비스센터,1983-9-16 0:0:0,02-6110-2061,6110 - 2069,04576,서울특별시 중구 퇴계로 지하 431-1,N,N,N,N,Y,Y,N,N,N,Y,N,Y,Y,N,Y,게이트 외부,新堂,,503765.0,1128712.0,37.565972,127.017820
0,0315,무악재,Muakjae,3,325,0315,131700,경복궁영업소,1985-07-12 00:00:00,02-6110-3251,6110 - 3259,03730,서울특별시 서대문구 통일로 지하 361,N,N,N,N,N,Y,N,Y,N,Y,Y,Y,N,N,Y,게이트 내부,毋岳재,"○ 역이 있는 지명에서 유래된 것으로 무악재는 한양 천도에 주요역할을 한 무학대사의 '무학'에서 연유하여 무악현, 무악재라고 칭하였다.<br />
○ 또한 인근 인왕산의 산세가 험준하고 호랑이가 많아 여러 사람이 모여서 재를 넘었다하여 '모아재' 라고도 하였다.",488910.0,1133372.0,37.582299,126.950291
0,0328,잠원,Jamwon,3,338,0328,132500,옥수영업소,1985-10-18 00:00:00,02-6110-3381,6110 - 3389,06522,서울특별시 서초구 잠원로4길 지하 46,N,N,N,N,N,Y,N,N,N,Y,N,Y,N,N,Y,게이트 내부,蠶院,"○ 역이 있는 동명에서 유래된 것으로 잠원동은 조선 초 잠실이 있어 유래된 것이며, 1963년 서울시에 편입될 때 송파구 잠실동과 혼동을 피하기 위해 잠원동이라 한 것이다.",502340.0,1113995.0,37.512759,127.011220
0,0213,구의,Guui,2,213,0213,121100,종합운동장서비스센터,1980-10-31 00:00:00,02-6110-2131,6110 - 2139,05051,서울특별시 광진구 아차산로 384-1,N,N,N,N,N,Y,N,Y,N,Y,N,Y,Y,N,Y,게이트 내부,九宜,○ 역이 위치한 동명에서 유래된 것으로 구의동(九宜洞)은 1914년 4월 1일 경기도 양주군의 구정동(九井洞)과 산의동(山宜洞)이 경기도 고양군으로 편입되면서 구정동의 '구(九)'자와 산의동의 '의(宜)'자를 따서 구의동이 된 것이다.,518867.0,1120790.0,37.537077,127.085916
0,1912,지행,Jihaeng,1,104,1912,410000,철도청구간,,031-828-3391,,11350,경기도 동두천시 평화로 2285,N,N,N,N,N,N,N,N,,,N,,,,,게이트 외부,紙杏,,512155.0,1219310.0,37.892334,127.055716
0,0332,양재,Yangjae,3,342,0332,133400,도곡영업소,1985-10-18 00:00:00,02-6110-3421,6110 - 3429,06735,서울특별시 서초구 남부순환로 지하 2585,Y,N,N,Y,Y,N,Y,Y,Y,Y,Y,Y,N,N,Y,게이트 내부,良才,,507387.0,1106032.0,37.484147,127.034631
0,0158,청량리,Cheongnyangni,1,124,0158,115500,동묘영업소,1974-08-15 00:00:00,02-6110-1241,6110 - 1249,02559,서울특별시 동대문구 왕산로 지하 205,N,N,N,Y,Y,N,Y,Y,N,Y,N,Y,Y,N,Y,게이트 외부,淸凉里,,510002.0,1132640.0,37.580178,127.046835
0,0413,쌍문,Ssangmun,4,413,0413,141000,상계서비스센터,1985-04-20 00:00:00,02-6110-4131,6110 - 4139,01454,서울특별시 도봉구 도봉로 지하 486-1,Y,N,N,N,N,Y,N,Y,Y,Y,N,Y,N,N,Y,게이트 외부,雙門,○ 역이 있는 지명에서 유래된 것으로 쌍문이란 명칭은 쌍갈랫길에 이문(里門)이란 일종의 방범초소가 있어 '쌍갈무늬'라고 불리던 것이 변음되어 쌍문으로 불렸다고 한다.,507572.0,1151735.0,37.648627,127.034709
0,1717,세마,sema,1,P158,1717,,,2005-12-26 9:49:36,031-377-7166,,18106,경기도 오산시 세마역로 88,N,N,N,N,N,N,N,N,,,N,,,,,게이트 외부,洗馬,,509427.0,1023707.0,37.187533,127.043180
0,0222,강남,Gangnam,2,222,0222,122400,종합운동장서비스센터,1982-12-23 00:00:00,02-6110-2221,6110 - 2229,06232,서울특별시 강남구 강남대로 지하 396,N,N,N,N,Y,Y,N,N,Y,Y,Y,Y,N,Y,Y,게이트 내부,江南,,506032.0,1109640.0,37.497175,127.027926
0,1728,천안,Cheonan,1,P169,1728,,철도청구간,2005-1-27 15:18:53,041-562-7034,,31144,충청남도 천안시 동남구 대흥로 239,N,N,N,N,N,N,N,N,N,,N,,,,,게이트 내부,天安,"고려시대 태조 13년, 하늘아래 가장 편안한 땅이 되라는 뜻에서 천안부라 지은데서 유래.",532535.0,919162.0,36.810005,127.146826
0,0210,뚝섬,Ttukseom,2,210,0210,121100,동대문운동장서비스센터,동,02-6110-2101,6110 - 2109,04778,서울특별시 성동구 아차산로 18,N,N,N,N,N,Y,N,Y,N,Y,N,Y,N,N,Y,게이트 외부,뚝섬,"○ 한강으로 들어가는 중랑천 하류에 있는 뚝섬은 삼면에 물이 있어 섬이라 부를만 하다하여 한성부때 독도(纛島), 살꽃이벌으로 불려오다 뚝섬으로 불리어졌다.<br />
○ 독도(纛島)는 조선시대 태조 이성계 때부터 임금의 사냥장소였다는 데서 나왔다. 임금이 행차하면 그 상징으로 독기(纛旗:소꼬리나 꿩꽁지로 장식한 큰 깃발)를 꽂았는데, 이곳이 한강과 중랑천으로 둘러싸인 섬 같다고 해서 ‘독기를 꽂은 섬’이란 뜻에서 '독도(纛島)'라 불리었다.",510281.0,1123615.0,37.547184,127.047367
0,0219,삼성,Samseong,2,219,0219,121800,종합운동장영업소,1982-12-23 00:00:00,02-6110-2191,6110 - 2199,06181,서울특별시 강남구 테헤란로 지하 538,N,N,N,N,Y,N,N,N,N,Y,Y,Y,Y,Y,Y,게이트 외부,三成,"○ 역이 위치한 동명인 삼성동은 신라시대 성왕때 창건된 사찰인 봉은사와 한강 가운데 있는 섬인 무동도, 당나무를 파는 상점이 많은 닥점의 세 마을을 합하여 명명된 것이다.",513737.0,1113012.0,37.508844,127.063160
0,1721,송탄,Songtan,1,P162,1721,,,2005-1-27 15:12:21,031-666-7788,,17760,경기도 평택시 송탄공원로 43,,,,,,,,,,,N,,,,,게이트 외부,松炭,"1914년 군면 폐합으로 수원군의 15개면과 충청남도 평택군 전역을 병합하게 되어 면적이 크게 넓어지면서 진위군의 일탄면, 송장면 등이 송탄면으로 통합되므로써 송탄이라는 이름이 처음 생긴데서 유래",511847.0,992717.0,37.075696,127.054301
0,0340,가락시장,Garak Market,3,350,2818,133400,도곡서비스센터,2010-02-18 00:00:00,02-6311-8171,6110-3509,05699,서울특별시 송파구 송파대로 지하 257,N,N,N,N,N,Y,N,N,N,Y,N,Y,Y,N,N,"게이트 내부,외부",可樂市場,,525992.0,1108579.0,37.492522,127.118234
0,1701,구로,Guro,1,141,1701,410000,철도청구간,,02-2639-3259,,08213,서울특별시 구로구 구로중앙로 174,,,,,,,,,,,N,,,,,게이트 내부,九老,아홉명의 노인이 살았다고 하여 구로라 함.,473665.0,1111027.0,37.503039,126.881966
0,0434,남태령,Namtaeryeong,4,434,0434,142800,삼각지영업소,1994-04-01 00:00:00,02-6110-4341,6110 - 4349,06761,서울특별시 서초구 과천대로 지하 816,N,N,N,N,N,N,N,Y,,,N,,,,,게이트 내부,南泰嶺,○ 역이 있는 지명에서 유래된 것으로 남태령의 이름이 여우고개로 불리고 있을때 서울로 가던 정조가 고개 이름을 묻자 여우고개로 답하기가 상스러울 것을 염려한 시종들이 서울에서 남쪽으로 맨 처음 큰 고개이기에 남태령이라 답했다고 하여 이후 이 고개를 남태령이라고 불렀다고 한다.,497392.0,1100550.0,37.463873,126.989134
0,0423,충무로,Chungmuro,4,423,0321,141700,길음영업소,1985-10-18 0:0:0,02-6110-4231,6110 - 4239,04557,서울특별시 중구 퇴계로 지하 199,N,N,N,Y,Y,N,N,N,N,Y,N,Y,Y,N,Y,게이트 내부,忠武路,,498550.0,1127582.0,37.561243,126.994280
0,1954,백석,Baekseok,3,314,1954,410000,철도청구간,,031-902-7788,,10450,경기도 고양시 일산동구 중앙로 지하 1042,,,,,,,,,,,N,,,,,게이트 외부,白石,이 마을에서 신성시되는 큰 흰돌에서 유래되었다.,453049.0,1150265.0,37.643114,126.787870
0,1004,노량진,Noryangjin,1,136,1004,410000,철도청구간,,02-814-7788,,06902,서울특별시 동작구 노량진로 151,Y,N,N,N,N,N,N,N,Y,,N,,,,,게이트 외부,鷺梁津,"노량진은 백로가 노닐던 나루터라는 뜻에서 붙여진 이름으로 철도가 놓이기 전까지만 해도 노들나루라 하여 맞은편 용산나루를 잇는 큰나루터였다, 이 노들나루에 노량진-제물포간에 우리나라 최초의 철도가 놓이면서 노량진역이 세워짐.",487327.0,1114430.0,37.514219,126.942454
0,1707,명학,Myeonghak,1,P148,1707,410000,철도청구간,,031-441-7788,,14088,경기도 안양시 만안구 만안로 20,,,,,,,,,,,N,,,,,게이트 외부,鳴鶴,옛날 이곳에 주변에 두루미가 많이 서식하여 두루미 울음소리가 크게 들려 이 이름을 따서 명학이라 한데서 유래되었다.,485522.0,1078495.0,37.384653,126.935433
0,0330,교대,Seoul Nat'l Univ. of Education,3,340,0330,122400,서초영업소,1985-10-18 0:0:0,02-6110-3401,6110 - 3409,06634,서울특별시 서초구 서초대로 지하 294,N,N,N,N,Y,Y,N,Y,N,Y,N,Y,Y,N,Y,환승역 이용,敎大,,502900.0,1108655.0,37.493415,127.014080
0,0325,옥수,Oksu,3,335,0325,132500,옥수영업소,1985-10-18 0:0:0,02-6110-3351,6110 - 3359,04739,서울특별시 성동구 동호로 지하 21,N,N,N,N,Y,Y,N,Y,Y,Y,Y,N,Y,N,Y,"게이트 내부,외부",玉水,,503850.0,1121910.0,37.540685,127.017965
0,0155,동대문,Dongdaemun,1,128,0155,115500,동대문영업소,1974-8-15 0:0:0,02-6110-1281,6110 - 1289,03119,서울특별시 종로구 종로 지하 302,Y,N,N,N,Y,Y,N,N,N,Y,N,Y,Y,Y,Y,게이트 외부,東大門,,502155.0,1130180.0,37.571420,127.009745
0,0333,매봉,Maebong,3,343,0333,133400,도곡영업소,1993-10-30 00:00:00,02-6110-3431,6110 - 3439,06297,서울특별시 강남구 남부순환로 지하 2744,N,N,N,N,N,Y,N,Y,Y,Y,N,Y,N,N,Y,게이트 외부,매봉,○ 역 인근에 매봉산이 위치하고 있어 매봉역이라 이름 지었다.,510257.0,1106985.0,37.486947,127.046769
0,1752,대야미,Daeyami,4,446,1752,410000,철도청구간,,031-437-7788,,15887,경기도 군포시 대야1로 28,,,,,,,,,,,N,,,,,게이트 외부,大夜味,"산간지역으로 대부분 논밭이 협소하나 이 지역에 1정보(町步) 크기의 논이 있었다는데서 큰배미, 한배미라는 뜻으로 대야미라는 지명이 생성되었음.",481462.0,1062700.0,37.328467,126.917332
0,1948,원흥,Wonheung,3,309,1948,410000,철도청구간,,1544-7788,,10555,경기도 고양시 덕양구 권율대로 681,,,,,,,,,,,N,,,,,게이트 외부,元興,,472070.0,1152435.0,37.650658,126.872642
0,1753,반월,Banwol,4,447,1753,410000,철도청구간,,031-438-7788,,15521,경기도 안산시 상록구 건건로 119-10,,,,,,,,,,,N,,,,,게이트 외부,半月,반월면 소재지가 위치한 지역인데서 역명 제정,478522.0,1058497.0,37.312212,126.903524
0,0432,총신대입구(이수),Chongshin Univ.,4,432,0432,142800,삼각지영업소,1985-10-18 0:0:0,02-6110-4321,6110 - 4329,07008,서울특별시 동작구 동작대로 지하 117,N,N,N,N,Y,Y,N,Y,N,Y,N,Y,Y,N,Y,게이트 내부,總神大入口(梨水),,495900.0,1106635.0,37.486263,126.981989
0,1019,광운대,Kwangwoon Univ.,1,119,1019,410000,철도청구간,,02-917-7445,,01886,서울특별시 노원구 석계로 98-2,N,N,N,N,N,N,N,N,,,N,,,,,게이트 외부,光云大,,513467.0,1144785.0,37.623632,127.061835
0,1022,창동,Chang-dong,1,116,0412,410000,철도청구간,,02-992-3388,,01414,서울특별시 도봉구 마들로11길 77,,,,,,,,,,,N,,,,,게이트 내부,倉洞,,510370.0,1153032.0,37.653166,127.047731
0,1401,봉명,Bongmyeong,1,P170,1401,,,,041-579-9786,,31151,충청남도 천안시 동남구 차돌로 51,,,,,N,N,N,N,N,N,N,N,N,N,N,게이트 외부,鳳鳴,,530135.0,916612.0,36.801215,127.135763
0,0211,성수,Seongsu,2,211,0211,121100,성수영업소,1980-10-31 0:0:0,02-6110-2111,6110 - 1349,04782,서울특별시 성동구 아차산로 100,N,N,N,N,Y,Y,N,Y,N,Y,Y,Y,Y,N,Y,게이트 외부,聖水,○ 역이 위치한 지명에서 유래된 것으로 이곳에 항상 맑은 물이 흐르고 성덕정(聖德亭)이라는 정자가 있어 성수(聖水)라는 지명으로 불리게 되었다.,512172.0,1122866.0,37.544581,127.055961
0,0341,경찰병원,National Police Hospital,3,351,0341,133400,도곡서비스센터,2010-02-18 00:00:00,02-6110-3511,6110-3519,05715,서울특별시 송파구 중대로 지하 149,N,N,N,N,N,Y,N,Y,N,Y,N,Y,Y,N,N,"게이트 내부,외부",警察病院,○ 역 인근에 국립경찰병원이 있어 명명되었다.,527245.0,1109277.0,37.495918,127.124540
0,0424,명동,Myeong-dong,4,424,0424,141700,길음영업소,1985-10-18 00:00:00,02-6110-4241,6110 - 4249,04629,서울특별시 중구 퇴계로 지하 126,N,N,N,N,Y,Y,N,N,Y,Y,N,N,Y,N,Y,게이트 내부,明洞,○ 명동은 조선초부터 이곳을 명례방이라 한데서 유래된 것이다. 유행의 1번지로 일컫는 이곳은 한때 다방을 중심으로 '예술의 거리'로 알려졌다.,496773.0,1127452.0,37.560989,126.986325
0,1804,부천,Bucheon,1,148,1804,410000,철도청구간,,032-665-7775,,14637,경기도 부천시 소사구 부천로 1,Y,N,N,N,N,N,N,N,Y,,N,,,,,게이트 외부,富川,부평군의 (부)자와 인천부의 (천)자를 따서 부천을 만들었으며 지역명에 부합한 부천역으로 명명함.,451774.0,1106150.0,37.484050,126.782686
0,1809,주안,Juan,1,156,1809,410000,철도청구간,,032-865-7787,,22132,인천광역시 남구 주안로 95-19,,,,,,,,,,,N,,,,,게이트 내부,朱安,,429187.0,1100850.0,37.464941,126.679923
0,0247,도림천,Dorimcheon,2,234-1,0247,123400,신도림영업소,1992-5-22 0:0:0,02-6110-2441,6110 - 2449,08200,서울특별시 구로구 경인로67길 160,N,N,N,N,N,N,N,Y,N,Y,N,Y,N,N,Y,게이트 외부,道林川,○ 도림천은 당시 이곳 지명이었던 도림리를 흐르는 하천이란 뜻으로 도림천이라 불리게 되었고 역이 들어서면서 도림천역이라 명명되었다.,473827.0,1114450.0,37.514287,126.882768
0,1914,보산,Bosan,1,102,1914,410000,철도청구간,,031-866-4987,,11311,경기도 동두천시 평화로 2539,N,N,N,N,N,N,N,N,,,N,,,,,게이트 외부,保山,,512355.0,1225370.0,37.913702,127.057277
0,0412,창동,Chang-dong,4,412,0412,141000,상계서비스센터,1985-04-20 00:00:00,02-6110-4121,6110 - 4129,01414,서울특별시 도봉구 마들로11길 77,N,N,N,N,Y,N,Y,Y,N,Y,N,Y,N,N,Y,게이트 내부,倉洞,,510370.0,1153032.0,37.653166,127.047731
0,1709,군포,Gunpo,1,P150,1709,410000,철도청구간,,031-452-7788,,15855,경기도 군포시 군포역1길 27,,,,,,,,,,,N,,,,,게이트 외부,軍浦,"임진왜란때 후퇴 중이던 관군에게 마을사람들이 식사를 제공하여 사기를 진작시켜 왜병을 크게 무찌르게 되었다. 그 후부터 이 지역을 굶주린관군이 배불리 먹은 지역이라 하여 ""군포""라 명명하게 되었다 한다.",488327.0,1069692.0,37.353560,126.948462
0,1750,광명,Kwangmyung,1,P144-1,1750,,,,02-899-9270,,14347,경기도 광명시 광명역로 21,N,N,N,N,N,N,N,N,,,N,,,,,게이트 외부,光明,,474465.0,1087601.0,37.416182,126.884466
0,1719,오산,Osan,1,P160,1719,,,2005-1-27 15:9:8,031-374-7788,,18137,경기도 오산시 역광장로 59,N,N,N,N,N,N,N,N,Y,,N,,,,,게이트 외부,烏山,"멀리 외딴 산이 있으므로 외미, 오미, 외뫼 등으로 부르다 오산이 되었다는 데서 유래",514562.0,1011910.0,37.145885,127.066720
0,1802,오류동,Oryu-dong,1,144,1802,410000,철도청구간,,02-2639-3417,,08272,서울특별시 구로구 경인로20길 13,,,,,,,,,,,N,,,,,게이트 외부,梧柳洞,"""오류""는 오동나무와 버드나무가 많아 이름 붙여진 오류골에서 비롯되었음",465445.0,1108947.0,37.494526,126.845365
0,0323,약수,Yaksu,3,333,0323,132500,옥수영업소,1985-10-18 0:0:0,02-6110-3331,6110 - 3339,04597,서울특별시 중구 다산로 지하 122,N,N,N,N,Y,N,N,Y,N,Y,N,Y,Y,N,Y,게이트 내부,藥水,,502197.0,1125470.0,37.554340,127.010655
0,1451,경마공원,Seoul Racecourse Park,4,436,1451,410000,철도청구간,,02-502-7892,,13822,경기도 과천시 경마공원대로 지하 105,,,,,,,,,,,N,,,,,게이트 외부,競馬公園,"한국마사회가 1989.5.1 이곳에 ""경마장""을 건립한 이후 경마이용객의 편의를 제공하기 위해 1994.4.1 과천선 개통시 ""경마장역""으로 영업개시 하였으며, 한국마사회 요청으로 2000.1.1 경마공원역으로 역명을 개정함",501607.0,1094842.0,37.443885,127.007888
0,1710,의왕,Uiwang,1,P152,1710,410000,철도청구간,,031-461-3263,,16081,경기도 의왕시 철도박물관로 66,,,,,,,,,,,N,,,,,게이트 외부,義王,"조선중엽 남양부사가 부곡변씨촌을 지나던 중 마을이름을 묻자 이마을은 대문, 울타리 등 없는것이 12가지나 되어 貧谷이라 한다는 말을 듣고서 남양부사가 안되어 富谷이라 부르는게 낫지 않겠느냐 했다 하는 설. 2004년 6월 25일 역명을 ""부곡""에서 ""의왕""으로 변경 시행.",488252.0,1060692.0,37.320852,126.948217
0,1905,회룡,Hoeryong,1,111,1905,410000,철도청구간,,031-872-7744,,11705,경기도 의정부시 평화로 363,,,,,,,,,,,N,,,,,게이트 외부,回龍,,510190.0,1172670.0,37.724846,127.046895
0,1907,가능,Ganeung,1,109,1907,410000,철도청구간,,031-828-3249,,11678,경기도 의정부시 평화로 633,N,N,N,N,N,N,N,N,,,N,,,,,게이트 외부,佳陵,각 대신들이 이곳에서 정무를 논의하였다 하여 의정부라는 지명이 생성된데서 유래,509550.0,1179510.0,37.748577,127.044213
0,1715,세류,Seryu,1,P156,1715,410000,철도청구간,2003-4-30 5:0:0,031-238-3089,,16659,경기도 수원시 권선구 정조로 393-1,,,,,,,,,,,N,,,,,게이트 외부,細柳,"냇가에 버드나무가 많다 하여 ""버드내""라고 불렸다 한데서 유래",502825.0,1039400.0,37.245025,127.013222
0,1816,간석,Ganseok,1,155,1816,410000,철도청구간,,032-427-7788,,21504,인천광역시 남동구 석정로 522-14,N,N,N,N,N,N,N,N,,,N,,,,,게이트 내부,間石,신설당시 염전지역으로 가칭 염빙역으로 하였으나 산업화의 변동으로 염전이 서서히 사라지고 간석동에 위치하고 있어 간석역으로 확정됨.,432214.0,1100821.0,37.464737,126.694181
0,1458,금정,Geumjeong,4,443,1458,410000,철도청구간,,031-393-7788,,15809,경기도 군포시 군포로 750,N,N,N,N,N,N,N,N,Y,,N,,,,,게이트 내부,衿井,,487357.0,1075022.0,37.372221,126.943429
0,1815,부개,Bugae,1,151,1815,410000,철도청구간,,032-517-7788,,21416,인천광역시 부평구 수변로 22,,,,,,,,,,,N,,,,,게이트 외부,富開,"1924년 경기도 부천군 부내면 마분리로 편입된 이후, 1985년 인천시 조례에 의거, 부개동으로 개칭된 지역명을 따 역명을 제정함.",442407.0,1107372.0,37.488418,126.741090
0,0318,안국,Anguk,3,328,0318,132500,옥수영업소,1985-10-18 00:00:00,02-6110-3281,6110 - 3289,03147,서울특별시 종로구 율곡로 지하 62,N,N,N,N,N,Y,N,N,N,Y,N,Y,Y,N,Y,게이트 외부,安國,○ 역이 있는 지명에서 유래된 것으로 안국동은 조선시대 초기 이 일대를 안국방(安國坊)으로 정했기 때문에 유래된 것이다.,496540.0,1131750.0,37.576477,126.985443
0,0229,봉천,Bongcheon,2,229,0229,122700,구로디지털서비스센터,1984-05-22 00:00:00,02-6110-2291,6110 - 2299,08757,서울특별시 관악구 남부순환로 지하 1721,N,N,N,N,N,Y,N,N,N,Y,N,Y,Y,N,Y,게이트 외부,奉天,○ 봉천동(奉天洞)은 관악산 근처의 마을로 산이 높고 험하다 하여 붙여진 이름이다. 경기도 시흥군 동면 봉천리였다가 1963년 1월 1일 서울특별시에 편입되어 봉천동이라 하였다.,486905.0,1105552.0,37.482362,126.941892
0,0156,신설동,Sinseol-dong,1,126,0156,115500,동묘영업소,1974-8-15 0:0:0,02-6110-1261,6110 - 1269,02582,서울특별시 동대문구 왕산로 지하 1,N,N,N,N,Y,N,N,Y,Y,Y,N,Y,Y,Y,Y,게이트 외부,新設洞,,505342.0,1131412.0,37.575297,127.025087
0,0417,길음,Gireum,4,417,0417,141700,상계서비스센터,1985-04-20 00:00:00,02-6110-4171,6110 - 4179,02735,서울특별시 성북구 동소문로 지하 248,N,N,N,N,N,Y,N,Y,N,Y,Y,Y,N,N,Y,게이트 외부,吉音,○ 길음동은 정릉천의 골짜기가 길게 놓여 있어 기리묵골이라 하던 것을 한자음으로 고쳐쓴 것이라고 한다. 주위 정릉천의 물소리가 맑고 고와서 좋은 노래 소리가 들리는 동네라는 뜻에서 길음동이라 이름이 붙여졌다고도 한다.,505320.0,1139202.0,37.603407,127.025053
0,1021,녹천,Nokcheon,1,117,1021,410000,철도청구간,,02-905-0182,,01488,서울특별시 도봉구 덕릉로 376,,,,,,,,,,,N,,,,,게이트 내부,鹿川,이 지역에 홍수로 인해 폐허가 된 마을 뒷산에서 사슴이 내려와 마을앞 중랑천에서 목욕을 하고 간 이후부터 농사가 잘 되고 마을 일도 순조로와져 녹천이라 불린데서 유래됨.,511557.0,1150497.0,37.644799,127.051269
0,0313,녹번,Nokbeon,3,323,0313,131700,경복궁영업소,1985-07-12 00:00:00,02-6110-3231,6110 - 3239,03373,서울특별시 은평구 통일로 지하 602-1,N,N,N,N,N,Y,N,N,Y,Y,N,Y,N,N,Y,게이트 외부,碌磻,○ 녹번이란 지명은 '녹번이' 란 고개에서 녹색을 띠는 천연구리(한방약용)가 나와 녹반현(碌礬峴)으로 부르다 변음되어 '녹번이' 고개로 불려졌고 역 이름은 이에서 유래한다.,485672.0,1138467.0,37.600927,126.935756
0,1705,관악,Gwanak,1,P146,1705,410000,철도청구간,,031-471-7788,,13960,경기도 안양시 만안구 경수대로 1273번길 46,,,,,,,,,,,N,,,,,"게이트 내부,외부",冠岳,주변에 관악산이 있어 대표적인 명칭으로 명명.,479698.0,1088013.0,37.419232,126.908706
0,0430,이촌,Ichon,4,430,0430,142800,삼각지영업소,1985-10-18 0:0:0,02-6110-4301,6110 - 4309,04422,서울특별시 용산구 서빙고로 지하 83,N,N,N,N,Y,Y,N,Y,N,Y,Y,Y,Y,N,Y,게이트 내부,二村,,494107.0,1116637.0,37.522272,126.974345
